Timestamp,P (W),S (VA),Q (VAR),Irms (A),Vrms (V),Pf,F (Hz),Appliance
2024-10-27 16:10:06,-0.14,13.81,13.81,0.05,277.18,0.01,49.96,No Appliance Detected
2024-10-27 16:10:06,0.15,16.21,16.21,0.058,277.93,0.009,49.96,No Appliance Detected
2024-10-27 16:10:06,-0.09,15.37,15.37,0.055,279.2,0.006,49.96,No Appliance Detected
2024-10-27 16:10:08,0.23,15.8,15.8,0.057,277.25,0.014,49.98,No Appliance Detected
2024-10-27 16:10:08,0.19,15.02,15.02,0.054,276.62,0.013,49.98,No Appliance Detected
2024-10-27 16:10:08,0.27,16.25,16.24,0.059,277.21,0.017,49.98,No Appliance Detected
2024-10-27 16:10:10,0.49,15.05,15.04,0.054,277.47,0.033,49.99,No Appliance Detected
2024-10-27 16:10:10,-0.21,14.89,14.88,0.054,277.98,0.014,49.99,No Appliance Detected
2024-10-27 16:10:10,-0.14,14.17,14.17,0.051,276.89,0.01,49.99,No Appliance Detected
2024-10-27 16:10:12,-0.07,15.64,15.64,0.056,278.65,0.004,49.96,No Appliance Detected
2024-10-27 16:10:12,0.06,17.26,17.26,0.062,277.44,0.003,49.96,No Appliance Detected
2024-10-27 16:10:12,0.1,14.38,14.37,0.052,277.61,0.007,49.96,No Appliance Detected
2024-10-27 16:10:14,-0.22,13.81,13.81,0.05,276.85,0.016,49.93,No Appliance Detected
2024-10-27 16:10:14,-0.09,16.1,16.1,0.058,276.7,0.006,49.93,No Appliance Detected
2024-10-27 16:10:14,-0.66,15.71,15.7,0.057,276.46,0.042,49.93,No Appliance Detected
2024-10-27 16:10:17,100.36,107.05,37.26,0.386,277.43,0.937,49.95,fan
2024-10-27 16:10:17,632.96,636.8,69.85,2.305,276.32,0.994,49.95,heater
2024-10-27 16:10:17,0.07,14.77,14.77,0.053,277.38,0.005,49.95,No Appliance Detected
2024-10-27 16:10:19,95.66,102.59,37.06,0.372,276.0,0.932,49.92,fan
2024-10-27 16:10:19,627.44,631.29,69.61,2.292,275.4,0.994,49.92,heater
2024-10-27 16:10:19,934.78,942.79,122.7,3.407,276.76,0.991,49.92,toaster
2024-10-27 16:10:21,90.72,98.05,37.18,0.357,274.72,0.925,49.94,fan
2024-10-27 16:10:21,628.64,632.33,68.23,2.289,276.21,0.994,49.94,heater
2024-10-27 16:10:21,928.01,934.54,110.24,3.392,275.53,0.993,49.94,toaster
2024-10-27 16:10:23,84.65,92.0,36.03,0.333,275.87,0.92,49.91,fan
2024-10-27 16:10:23,627.45,631.88,74.71,2.286,276.36,0.993,49.91,heater
2024-10-27 16:10:23,924.74,931.72,113.88,3.386,275.13,0.993,49.91,toaster
2024-10-27 16:10:25,84.14,91.15,35.05,0.33,276.17,0.923,49.92,fan
2024-10-27 16:10:25,624.46,628.32,69.57,2.285,274.97,0.994,49.92,heater
2024-10-27 16:10:25,926.24,932.84,110.76,3.384,275.64,0.993,49.92,toaster
2024-10-27 16:10:27,84.58,91.39,34.62,0.33,276.74,0.925,49.93,fan
2024-10-27 16:10:27,624.89,628.39,66.21,2.282,275.34,0.994,49.93,heater
2024-10-27 16:10:27,925.18,931.67,109.76,3.38,275.68,0.993,49.93,toaster
2024-10-27 16:10:29,84.46,91.75,35.84,0.333,275.46,0.921,49.94,fan
2024-10-27 16:10:29,625.47,628.94,65.98,2.281,275.73,0.994,49.94,heater
2024-10-27 16:10:29,920.21,926.85,110.75,3.377,274.47,0.993,49.94,toaster
2024-10-27 16:10:31,84.35,92.08,36.93,0.333,276.25,0.916,49.94,fan
2024-10-27 16:10:31,624.58,628.59,70.88,2.278,275.9,0.994,49.94,heater
2024-10-27 16:10:31,922.77,929.51,111.67,3.377,275.22,0.993,49.94,toaster
2024-10-27 16:10:33,84.23,91.75,36.38,0.331,277.31,0.918,49.93,fan
2024-10-27 16:10:33,622.05,625.93,69.62,2.269,275.83,0.994,49.93,heater
2024-10-27 16:10:33,919.07,926.21,114.8,3.375,274.41,0.992,49.93,toaster
2024-10-27 16:10:35,84.43,91.67,35.72,0.332,276.01,0.921,49.94,fan
2024-10-27 16:10:35,620.44,624.0,66.51,2.271,274.77,0.994,49.94,heater
2024-10-27 16:10:35,923.58,931.05,117.7,3.374,275.98,0.992,49.94,toaster
2024-10-27 16:10:37,83.89,91.65,36.89,0.332,275.89,0.915,49.97,fan
2024-10-27 16:10:37,624.69,628.51,69.24,2.269,276.96,0.994,49.97,heater
2024-10-27 16:10:37,923.97,931.28,116.51,3.371,276.23,0.992,49.97,toaster
2024-10-27 16:10:40,83.76,91.18,36.03,0.33,275.98,0.919,49.93,fan
2024-10-27 16:10:40,620.83,625.05,72.54,2.267,275.7,0.993,49.93,heater
2024-10-27 16:10:40,923.41,930.12,111.51,3.372,275.87,0.993,49.93,toaster
2024-10-27 16:10:42,83.84,91.29,36.11,0.332,275.34,0.918,49.96,fan
2024-10-27 16:10:42,620.72,624.51,68.69,2.264,275.87,0.994,49.96,heater
2024-10-27 16:10:42,925.25,932.18,113.46,3.37,276.58,0.993,49.96,toaster
2024-10-27 16:10:44,83.99,91.48,36.25,0.332,275.58,0.918,49.97,fan
2024-10-27 16:10:44,618.8,622.68,69.37,2.261,275.42,0.994,49.97,heater
2024-10-27 16:10:44,920.92,928.74,120.31,3.369,275.66,0.992,49.97,toaster
2024-10-27 16:10:46,84.2,91.54,35.92,0.33,277.8,0.92,49.93,fan
2024-10-27 16:10:46,618.18,621.88,67.78,2.258,275.38,0.994,49.93,heater
2024-10-27 16:10:46,922.48,930.71,123.46,3.366,276.48,0.991,49.93,toaster
2024-10-27 16:10:48,83.57,91.07,36.21,0.331,275.28,0.918,49.95,fan
2024-10-27 16:10:48,618.92,622.96,70.82,2.256,276.11,0.994,49.95,heater
2024-10-27 16:10:48,920.19,927.26,114.26,3.365,275.58,0.992,49.95,toaster
2024-10-27 16:10:50,83.05,90.5,35.94,0.329,275.08,0.918,49.94,fan
2024-10-27 16:10:50,617.39,621.2,68.73,2.253,275.7,0.994,49.94,heater
2024-10-27 16:10:50,923.0,929.05,105.88,3.366,276.03,0.993,49.94,toaster
2024-10-27 16:10:52,84.26,91.56,35.84,0.332,275.74,0.92,49.96,fan
2024-10-27 16:10:52,615.55,619.19,66.99,2.251,275.11,0.994,49.96,heater
2024-10-27 16:10:52,921.14,928.08,113.24,3.365,275.77,0.993,49.96,toaster
2024-10-27 16:10:54,83.87,91.39,36.31,0.33,276.89,0.918,49.91,fan
2024-10-27 16:10:54,616.68,620.56,69.29,2.251,275.74,0.994,49.91,heater
2024-10-27 16:10:54,920.63,927.84,115.42,3.366,275.68,0.992,49.91,toaster
2024-10-27 16:10:56,84.04,91.96,37.35,0.334,275.66,0.914,49.91,fan
2024-10-27 16:10:56,613.31,617.29,69.98,2.246,274.88,0.994,49.91,heater
2024-10-27 16:10:56,923.61,931.05,117.46,3.364,276.77,0.992,49.91,toaster
2024-10-27 16:10:58,83.77,91.2,36.05,0.331,275.12,0.919,49.94,fan
2024-10-27 16:10:58,615.69,619.66,70.03,2.243,276.31,0.994,49.94,heater
2024-10-27 16:10:58,917.57,924.88,116.04,3.364,274.93,0.992,49.94,toaster
2024-10-27 16:11:01,83.19,90.72,36.18,0.33,275.2,0.917,49.97,fan
2024-10-27 16:11:01,612.37,615.94,66.25,2.24,275.0,0.994,49.97,heater
2024-10-27 16:11:01,920.67,927.52,112.55,3.365,275.64,0.993,49.97,toaster
2024-10-27 16:11:03,83.31,91.05,36.72,0.33,276.22,0.915,49.74,fan
2024-10-27 16:11:03,613.6,617.16,66.16,2.238,275.73,0.994,49.74,heater
2024-10-27 16:11:03,925.35,932.93,118.7,3.368,277.02,0.992,49.74,toaster
2024-10-27 16:11:05,83.59,90.93,35.78,0.33,275.74,0.919,49.91,fan
2024-10-27 16:11:05,612.06,615.86,68.3,2.233,275.77,0.994,49.91,heater
2024-10-27 16:11:05,915.33,922.45,114.38,3.364,274.25,0.992,49.91,toaster
2024-10-27 16:11:36,84.1,91.49,36.01,0.331,276.34,0.919,87.87,fan
2024-10-27 16:11:36,609.05,612.92,68.71,2.228,275.08,0.994,87.87,heater
2024-10-27 16:11:36,920.22,927.6,116.75,3.363,275.81,0.992,87.87,toaster
2024-10-27 16:11:36,83.27,90.87,36.37,0.33,275.16,0.916,49.57,fan
2024-10-27 16:11:36,610.21,614.03,68.36,2.227,275.76,0.994,49.57,heater
2024-10-27 16:11:36,921.38,928.19,112.24,3.366,275.74,0.993,49.57,toaster
2024-10-27 16:11:36,83.26,91.25,37.35,0.331,275.62,0.912,49.95,fan
2024-10-27 16:11:36,608.66,612.19,65.66,2.225,275.12,0.994,49.95,heater
2024-10-27 16:11:36,919.03,926.25,115.39,3.365,275.28,0.992,49.95,toaster
2024-10-27 16:11:36,84.28,91.66,36.04,0.331,276.7,0.919,49.99,fan
2024-10-27 16:11:36,610.32,614.58,72.19,2.223,276.51,0.993,49.99,heater
2024-10-27 16:11:36,921.92,928.11,107.04,3.364,275.87,0.993,49.99,toaster
2024-10-27 16:11:36,82.74,90.45,36.55,0.328,275.72,0.915,50.19,fan
2024-10-27 16:11:36,609.87,613.98,70.86,2.218,276.76,0.993,50.19,heater
2024-10-27 16:11:36,922.64,930.0,116.77,3.365,276.38,0.992,50.19,toaster
2024-10-27 16:11:36,83.61,90.99,35.9,0.33,276.05,0.919,98.29,fan
2024-10-27 16:11:36,607.69,611.13,64.72,2.217,275.63,0.994,98.29,heater
2024-10-27 16:11:36,920.67,928.2,117.95,3.364,275.93,0.992,98.29,toaster
2024-10-27 16:11:37,83.72,91.4,36.65,0.331,275.74,0.916,49.95,fan
2024-10-27 16:11:37,608.86,612.74,68.88,2.218,276.27,0.994,49.95,heater
2024-10-27 16:11:37,921.82,928.96,114.97,3.361,276.42,0.992,49.95,toaster
2024-10-27 16:11:37,83.4,90.96,36.3,0.33,275.53,0.917,49.94,fan
2024-10-27 16:11:37,608.07,611.89,68.26,2.215,276.23,0.994,49.94,heater
2024-10-27 16:11:37,919.16,926.29,114.75,3.363,275.44,0.992,49.94,toaster
2024-10-27 16:11:37,84.31,91.99,36.79,0.332,276.98,0.917,115.15,fan
2024-10-27 16:11:37,-0.12,15.6,15.6,0.056,278.05,0.007,115.15,No Appliance Detected
2024-10-27 16:11:37,927.71,934.92,115.95,3.375,277.02,0.992,115.15,toaster
2024-10-27 16:11:37,0.24,13.97,13.96,0.051,276.45,0.017,49.92,No Appliance Detected
2024-10-27 16:11:37,0.29,14.81,14.81,0.053,277.57,0.02,49.92,No Appliance Detected
2024-10-27 16:11:37,0.05,13.9,13.9,0.05,276.45,0.004,49.92,No Appliance Detected
2024-10-27 16:11:37,0.24,14.84,14.84,0.053,279.01,0.016,49.96,No Appliance Detected
2024-10-27 16:11:37,0.16,16.56,16.55,0.06,276.81,0.01,49.96,No Appliance Detected
2024-10-27 16:11:37,-0.27,13.36,13.35,0.048,277.09,0.02,49.96,No Appliance Detected
2024-10-27 16:11:37,0.21,16.46,16.46,0.059,277.53,0.013,49.96,No Appliance Detected
2024-10-27 16:11:37,0.55,14.99,14.98,0.054,279.17,0.037,49.96,No Appliance Detected
2024-10-27 16:11:37,-0.25,15.1,15.1,0.054,278.11,0.016,49.96,No Appliance Detected
2024-10-27 16:11:37,-0.21,14.95,14.94,0.054,278.24,0.014,5758.16,No Appliance Detected
2024-10-27 16:11:37,-0.21,16.54,16.54,0.059,278.48,0.013,5758.16,No Appliance Detected
2024-10-27 16:11:37,0.53,15.62,15.61,0.056,277.46,0.034,5758.16,No Appliance Detected
2024-10-27 16:11:37,0.04,14.16,14.16,0.051,278.42,0.003,50.06,No Appliance Detected
2024-10-27 16:11:37,0.04,16.28,16.28,0.059,276.79,0.003,50.06,No Appliance Detected
2024-10-27 16:11:37,-0.75,16.36,16.34,0.059,279.12,0.046,50.06,No Appliance Detected
2024-10-27 16:11:37,0.04,16.24,16.24,0.058,277.79,0.002,50.11,No Appliance Detected
2024-10-27 16:11:37,0.08,16.33,16.33,0.059,277.43,0.005,50.11,No Appliance Detected
2024-10-27 16:11:37,0.03,14.92,14.92,0.054,278.2,0.002,50.11,No Appliance Detected
2024-10-27 16:11:38,0.3,14.48,14.48,0.052,278.03,0.021,50.21,No Appliance Detected
2024-10-27 16:11:38,-0.28,17.19,17.19,0.062,278.92,0.016,50.21,No Appliance Detected
2024-10-27 16:11:38,-0.24,15.31,15.31,0.055,278.65,0.016,50.21,No Appliance Detected
2024-10-27 16:11:41,0.19,14.52,14.52,0.052,278.41,0.013,50.18,No Appliance Detected
2024-10-27 16:11:41,-0.48,14.62,14.61,0.053,278.03,0.033,50.18,No Appliance Detected
2024-10-27 16:11:41,-0.0,14.64,14.64,0.053,278.57,0.0,50.18,No Appliance Detected
2024-10-27 16:11:43,0.31,14.73,14.73,0.053,279.08,0.021,50.08,No Appliance Detected
2024-10-27 16:11:43,0.02,17.34,17.34,0.062,279.41,0.001,50.08,No Appliance Detected
2024-10-27 16:11:43,-0.36,15.14,15.13,0.054,278.18,0.024,50.08,No Appliance Detected
2024-10-27 16:11:45,0.76,15.89,15.87,0.057,278.8,0.048,50.2,No Appliance Detected
2024-10-27 16:11:45,0.15,14.35,14.35,0.052,278.52,0.011,50.2,No Appliance Detected
2024-10-27 16:11:45,-0.08,14.91,14.91,0.054,278.27,0.005,50.2,No Appliance Detected
2024-10-27 16:11:47,105.12,110.81,35.07,0.4,277.08,0.949,50.22,fan
2024-10-27 16:11:47,0.38,15.76,15.76,0.056,279.16,0.024,50.22,No Appliance Detected
2024-10-27 16:11:47,-0.08,15.07,15.07,0.054,278.73,0.005,50.22,No Appliance Detected
2024-10-27 16:11:49,94.99,101.05,34.49,0.367,275.31,0.94,50.15,fan
2024-10-27 16:11:49,1246.48,1254.21,138.98,4.533,276.66,0.994,50.15,heater
2024-10-27 16:11:49,-1.1,14.89,14.85,0.054,277.2,0.074,50.15,No Appliance Detected
2024-10-27 16:11:51,89.76,95.74,33.3,0.347,275.56,0.938,50.21,fan
2024-10-27 16:11:51,1236.81,1243.97,133.33,4.525,274.9,0.994,50.21,heater
2024-10-27 16:11:51,925.92,932.49,110.5,3.373,276.45,0.993,50.21,toaster
2024-10-27 16:11:53,88.69,94.36,32.22,0.343,275.18,0.94,3038.95,fan
2024-10-27 16:11:53,1236.67,1244.42,138.67,4.518,275.46,0.994,3038.95,heater
2024-10-27 16:11:53,922.5,929.66,115.19,3.368,276.01,0.992,3038.95,toaster
2024-10-27 16:11:55,87.55,93.16,31.85,0.338,275.48,0.94,50.33,fan
2024-10-27 16:11:55,1236.28,1242.82,127.31,4.517,275.16,0.995,50.33,heater
2024-10-27 16:11:55,923.66,930.8,115.04,3.367,276.45,0.992,50.33,toaster
2024-10-27 16:11:57,87.91,93.48,31.79,0.34,274.55,0.94,100.12,fan
2024-10-27 16:11:57,1233.95,1240.64,128.65,4.505,275.39,0.995,100.12,heater
2024-10-27 16:11:57,921.74,928.52,112.0,3.366,275.87,0.993,100.12,toaster
2024-10-27 16:11:59,86.89,92.75,32.42,0.337,274.95,0.937,50.18,fan
2024-10-27 16:11:59,1236.04,1244.31,143.21,4.504,276.28,0.993,50.18,heater
2024-10-27 16:11:59,923.3,931.12,120.42,3.364,276.78,0.992,50.18,toaster
2024-10-27 16:12:01,86.91,92.57,31.87,0.338,273.87,0.939,49.97,fan
2024-10-27 16:12:01,1231.19,1237.43,124.17,4.498,275.11,0.995,49.97,heater
2024-10-27 16:12:01,921.48,929.44,121.43,3.365,276.19,0.991,49.97,toaster
2024-10-27 16:12:04,88.4,94.47,33.3,0.342,276.08,0.936,50.24,fan
2024-10-27 16:12:04,1233.53,1241.47,140.24,4.5,275.9,0.994,50.24,heater
2024-10-27 16:12:04,920.46,926.81,108.27,3.364,275.48,0.993,50.24,toaster
2024-10-27 16:12:06,87.97,93.65,32.12,0.341,274.52,0.939,50.16,fan
2024-10-27 16:12:06,1233.91,1240.89,131.42,4.495,276.04,0.994,50.16,heater
2024-10-27 16:12:06,919.08,926.0,113.01,3.365,275.21,0.993,50.16,toaster
2024-10-27 16:12:08,87.94,93.84,32.74,0.34,276.04,0.937,50.72,fan
2024-10-27 16:12:08,1234.43,1242.63,142.49,4.489,276.81,0.993,50.72,heater
2024-10-27 16:12:08,917.93,924.77,112.3,3.362,275.06,0.993,50.72,toaster
2024-10-27 16:12:10,88.47,94.53,33.3,0.344,275.15,0.936,50.2,fan
2024-10-27 16:12:10,1229.34,1237.25,139.67,4.489,275.63,0.994,50.2,heater
2024-10-27 16:12:10,920.48,927.22,111.65,3.361,275.85,0.993,50.2,toaster
2024-10-27 16:12:12,88.25,94.12,32.72,0.341,276.0,0.938,50.17,fan
2024-10-27 16:12:12,1226.32,1232.89,127.07,4.484,274.97,0.995,50.17,heater
2024-10-27 16:12:12,917.59,924.15,109.93,3.361,274.98,0.993,50.17,toaster
2024-10-27 16:12:14,88.63,94.41,32.54,0.343,275.4,0.939,2858.54,fan
2024-10-27 16:12:14,1229.06,1236.82,138.34,4.478,276.2,0.994,2858.54,heater
2024-10-27 16:12:14,919.78,927.07,116.07,3.36,275.89,0.992,2858.54,toaster
2024-10-27 16:12:16,87.37,93.43,33.11,0.34,274.74,0.935,50.08,fan
2024-10-27 16:12:16,1229.26,1236.35,132.2,4.478,276.12,0.994,50.08,heater
2024-10-27 16:12:16,922.82,929.56,111.75,3.361,276.58,0.993,50.08,toaster
2024-10-27 16:12:18,87.73,93.48,32.25,0.338,276.45,0.939,50.19,fan
2024-10-27 16:12:18,1225.88,1233.55,137.34,4.473,275.76,0.994,50.19,heater
2024-10-27 16:12:18,920.98,929.4,124.84,3.361,276.56,0.991,50.19,toaster
2024-10-27 16:12:20,87.88,93.72,32.57,0.34,275.74,0.938,50.25,fan
2024-10-27 16:12:20,1230.37,1238.83,144.51,4.468,277.27,0.993,50.25,heater
2024-10-27 16:12:20,921.03,927.19,106.72,3.361,275.88,0.993,50.25,toaster
2024-10-27 16:12:22,87.9,93.72,32.52,0.34,275.66,0.938,50.16,fan
2024-10-27 16:12:22,1223.51,1231.43,139.43,4.459,276.14,0.994,50.16,heater
2024-10-27 16:12:22,918.53,926.11,118.24,3.359,275.7,0.992,50.16,toaster
2024-10-27 16:12:25,87.7,93.38,32.09,0.34,275.03,0.939,50.18,fan
2024-10-27 16:12:25,1216.51,1223.64,131.91,4.451,274.93,0.994,50.18,heater
2024-10-27 16:12:25,919.12,926.08,113.34,3.36,275.64,0.992,50.18,toaster
2024-10-27 16:12:27,87.48,93.26,32.32,0.339,275.09,0.938,50.17,fan
2024-10-27 16:12:27,1220.53,1227.93,134.58,4.457,275.49,0.994,50.17,heater
2024-10-27 16:12:27,919.21,926.04,112.31,3.361,275.49,0.993,50.17,toaster
2024-10-27 16:12:29,86.62,92.5,32.44,0.337,274.22,0.937,99.23,fan
2024-10-27 16:12:29,1217.97,1225.12,132.14,4.453,275.14,0.994,99.23,heater
2024-10-27 16:12:29,923.46,930.69,115.81,3.36,277.03,0.992,99.23,toaster
2024-10-27 16:12:31,87.95,93.8,32.6,0.339,276.5,0.938,50.14,fan
2024-10-27 16:12:31,1214.91,1222.07,132.1,4.444,275.02,0.994,50.14,heater
2024-10-27 16:12:31,918.62,925.93,116.14,3.358,275.74,0.992,50.14,toaster
2024-10-27 16:12:33,87.13,93.08,32.75,0.339,274.73,0.936,50.14,fan
2024-10-27 16:12:33,1215.14,1222.96,138.07,4.44,275.46,0.994,50.14,heater
2024-10-27 16:12:33,919.98,926.78,112.1,3.355,276.26,0.993,50.14,toaster
2024-10-27 16:12:35,87.63,93.36,32.2,0.34,274.96,0.939,50.09,fan
2024-10-27 16:12:35,1216.74,1224.3,135.79,4.434,276.09,0.994,50.09,heater
2024-10-27 16:12:35,918.28,925.25,113.37,3.356,275.74,0.992,50.09,toaster
2024-10-27 16:13:06,87.72,93.44,32.19,0.338,276.41,0.939,50.11,fan
2024-10-27 16:13:06,1215.58,1222.32,128.17,4.432,275.78,0.994,50.11,heater
2024-10-27 16:13:06,917.45,924.3,112.33,3.354,275.62,0.993,50.11,toaster
2024-10-27 16:13:06,87.47,93.25,32.3,0.339,275.15,0.938,50.05,fan
2024-10-27 16:13:06,1212.2,1219.14,129.94,4.424,275.57,0.994,50.05,heater
2024-10-27 16:13:06,917.17,924.34,114.89,3.351,275.83,0.992,50.05,toaster
2024-10-27 16:13:06,87.73,93.54,32.44,0.339,275.58,0.938,50.1,fan
2024-10-27 16:13:06,1211.89,1219.4,135.12,4.418,275.98,0.994,50.1,heater
2024-10-27 16:13:06,917.24,924.49,115.52,3.354,275.66,0.992,50.1,toaster
2024-10-27 16:13:06,88.98,94.7,32.42,0.341,277.59,0.94,50.04,fan
2024-10-27 16:13:06,0.45,13.62,13.61,0.049,276.9,0.033,50.04,No Appliance Detected
2024-10-27 16:13:06,923.48,930.17,111.36,3.373,275.8,0.993,50.04,toaster
2024-10-27 16:13:06,0.28,15.38,15.37,0.055,277.12,0.018,50.01,No Appliance Detected
2024-10-27 16:13:06,-0.18,16.28,16.28,0.059,276.53,0.011,50.01,No Appliance Detected
2024-10-27 16:13:06,923.86,930.59,111.66,3.372,275.96,0.993,50.01,toaster
2024-10-27 16:13:07,0.28,15.34,15.34,0.055,277.97,0.018,5067.85,No Appliance Detected
2024-10-27 16:13:07,0.18,16.04,16.04,0.058,277.29,0.011,5067.85,No Appliance Detected
2024-10-27 16:13:07,0.16,14.69,14.69,0.053,277.95,0.011,5067.85,No Appliance Detected
2024-10-27 16:13:07,0.45,14.17,14.16,0.051,278.61,0.032,3256.89,No Appliance Detected
2024-10-27 16:13:07,0.11,15.65,15.65,0.057,276.73,0.007,3256.89,No Appliance Detected
2024-10-27 16:13:07,-0.24,14.93,14.93,0.054,277.2,0.016,3256.89,No Appliance Detected
2024-10-27 16:13:07,0.1,15.36,15.36,0.055,277.78,0.006,3651.9,No Appliance Detected
2024-10-27 16:13:07,0.22,15.52,15.51,0.056,276.78,0.014,3651.9,No Appliance Detected
2024-10-27 16:13:07,0.29,13.48,13.48,0.049,277.32,0.021,3651.9,No Appliance Detected
2024-10-27 16:13:07,0.06,14.99,14.99,0.054,277.61,0.004,49.95,No Appliance Detected
2024-10-27 16:13:07,0.33,14.44,14.44,0.052,279.14,0.023,49.95,No Appliance Detected
2024-10-27 16:13:07,0.29,14.75,14.74,0.053,277.2,0.02,49.95,No Appliance Detected
2024-10-27 16:13:07,0.19,14.04,14.04,0.051,275.91,0.013,98.15,No Appliance Detected
2024-10-27 16:13:07,-0.83,14.45,14.43,0.052,277.37,0.057,98.15,No Appliance Detected
2024-10-27 16:13:07,-0.11,14.96,14.96,0.054,279.07,0.007,98.15,No Appliance Detected
2024-10-27 16:13:07,0.18,14.55,14.55,0.052,277.52,0.012,49.97,No Appliance Detected
2024-10-27 16:13:07,0.23,14.81,14.81,0.053,278.01,0.016,49.97,No Appliance Detected
2024-10-27 16:13:07,0.2,14.72,14.72,0.053,277.2,0.014,49.97,No Appliance Detected
2024-10-27 16:13:07,-0.46,14.47,14.47,0.052,277.39,0.032,49.98,No Appliance Detected
2024-10-27 16:13:07,0.28,15.72,15.71,0.057,276.86,0.018,49.98,No Appliance Detected
2024-10-27 16:13:07,0.3,14.83,14.83,0.053,278.97,0.02,49.98,No Appliance Detected
2024-10-27 16:13:07,-0.06,15.72,15.72,0.056,278.49,0.004,50.03,No Appliance Detected
2024-10-27 16:13:07,0.23,14.33,14.33,0.052,278.12,0.016,50.03,No Appliance Detected
2024-10-27 16:13:07,-0.36,14.1,14.09,0.051,277.23,0.025,50.03,No Appliance Detected
2024-10-27 16:13:07,0.0,14.99,14.99,0.054,276.43,0.0,49.95,No Appliance Detected
2024-10-27 16:13:07,-0.45,14.14,14.13,0.051,277.28,0.032,49.95,No Appliance Detected
2024-10-27 16:13:07,0.21,14.05,14.05,0.051,277.32,0.015,49.95,No Appliance Detected
2024-10-27 16:13:07,-0.16,14.95,14.95,0.054,278.69,0.01,3382.93,No Appliance Detected
2024-10-27 16:13:07,0.31,15.18,15.18,0.055,276.59,0.02,3382.93,No Appliance Detected
2024-10-27 16:13:07,-0.24,15.63,15.63,0.057,276.56,0.016,3382.93,No Appliance Detected
2024-10-27 16:13:08,-0.15,15.08,15.08,0.054,276.79,0.01,87.32,No Appliance Detected
2024-10-27 16:13:08,0.16,14.6,14.59,0.053,276.96,0.011,87.32,No Appliance Detected
2024-10-27 16:13:08,0.47,15.64,15.63,0.057,275.93,0.03,87.32,No Appliance Detected
2024-10-27 16:13:11,0.44,14.97,14.97,0.054,278.25,0.029,49.93,No Appliance Detected
2024-10-27 16:13:11,0.39,13.96,13.95,0.05,276.45,0.028,49.93,No Appliance Detected
2024-10-27 16:13:11,-0.57,16.06,16.05,0.058,277.13,0.036,49.93,No Appliance Detected
2024-10-27 16:13:13,0.69,15.32,15.3,0.055,277.6,0.045,49.99,No Appliance Detected
2024-10-27 16:13:13,0.73,16.39,16.37,0.059,277.14,0.045,49.99,No Appliance Detected
2024-10-27 16:13:13,-0.1,13.97,13.97,0.051,276.55,0.007,49.99,No Appliance Detected
2024-10-27 16:13:15,0.1,14.54,14.54,0.053,276.52,0.007,49.93,No Appliance Detected
2024-10-27 16:13:15,1228.07,1235.45,134.81,4.475,276.05,0.994,49.93,heater
2024-10-27 16:13:15,-0.93,14.7,14.67,0.053,275.25,0.063,49.93,No Appliance Detected
2024-10-27 16:13:17,-0.46,13.2,13.19,0.048,275.33,0.035,49.98,No Appliance Detected
2024-10-27 16:13:17,1214.67,1222.39,137.16,4.438,275.44,0.994,49.98,heater
2024-10-27 16:13:17,918.27,925.61,116.3,3.369,274.75,0.992,49.98,toaster
2024-10-27 16:13:19,126.1,128.19,23.03,0.465,275.48,0.984,49.84,fan
2024-10-27 16:13:19,1207.14,1214.49,133.47,4.429,274.19,0.994,49.84,heater
2024-10-27 16:13:19,910.12,916.85,110.89,3.354,273.39,0.993,49.84,toaster
2024-10-27 16:13:21,104.33,106.72,22.48,0.388,275.04,0.978,97.76,fan
2024-10-27 16:13:21,1206.28,1213.88,135.64,4.422,274.5,0.994,97.76,heater
2024-10-27 16:13:21,912.78,919.97,114.76,3.352,274.43,0.992,97.76,toaster
2024-10-27 16:13:23,103.75,106.35,23.38,0.386,275.25,0.976,49.94,fan
2024-10-27 16:13:23,1208.45,1217.26,146.19,4.417,275.6,0.993,49.94,heater
2024-10-27 16:13:23,907.89,914.46,109.44,3.35,273.01,0.993,49.94,toaster
2024-10-27 16:13:25,103.37,105.63,21.72,0.386,273.63,0.979,2393.97,fan
2024-10-27 16:13:25,1202.73,1209.61,128.75,4.414,274.06,0.994,2393.97,heater
2024-10-27 16:13:25,913.22,920.2,113.17,3.349,274.77,0.992,2393.97,toaster
2024-10-27 16:13:27,104.84,107.09,21.81,0.388,275.98,0.979,49.96,fan
2024-10-27 16:13:27,1207.22,1215.1,138.18,4.412,275.4,0.994,49.96,heater
2024-10-27 16:13:27,915.22,922.29,113.96,3.347,275.56,0.992,49.96,toaster
2024-10-27 16:13:30,105.22,107.33,21.2,0.39,274.91,0.98,49.91,fan
2024-10-27 16:13:30,1203.28,1210.53,132.26,4.408,274.62,0.994,49.91,heater
2024-10-27 16:13:30,912.62,919.46,111.96,3.346,274.78,0.993,49.91,toaster
2024-10-27 16:13:32,103.87,106.37,22.94,0.387,274.89,0.976,49.96,fan
2024-10-27 16:13:32,1204.1,1211.7,135.55,4.407,274.93,0.994,49.96,heater
2024-10-27 16:13:32,912.21,919.15,112.75,3.348,274.56,0.992,49.96,toaster
2024-10-27 16:13:34,103.86,105.98,21.09,0.387,274.17,0.98,49.93,fan
2024-10-27 16:13:34,1198.17,1205.32,131.07,4.405,273.62,0.994,49.93,heater
2024-10-27 16:13:34,912.16,919.11,112.84,3.346,274.71,0.992,49.93,toaster
2024-10-27 16:13:36,104.07,106.08,20.53,0.387,274.2,0.981,49.55,fan
2024-10-27 16:13:36,1201.46,1208.98,134.66,4.403,274.6,0.994,49.55,heater
2024-10-27 16:13:36,910.45,917.86,116.39,3.342,274.64,0.992,49.55,toaster
2024-10-27 16:13:38,103.49,105.71,21.54,0.386,274.15,0.979,49.91,fan
2024-10-27 16:13:38,1196.36,1203.37,129.68,4.4,273.52,0.994,49.91,heater
2024-10-27 16:13:38,910.22,917.37,114.29,3.34,274.66,0.992,49.91,toaster
2024-10-27 16:13:40,103.63,105.75,21.08,0.386,273.67,0.98,4192.65,fan
2024-10-27 16:13:40,1199.05,1206.55,134.35,4.396,274.44,0.994,4192.65,heater
2024-10-27 16:13:40,911.52,919.14,118.11,3.341,275.15,0.992,4192.65,toaster
2024-10-27 16:13:42,104.87,107.41,23.23,0.388,276.75,0.976,49.93,fan
2024-10-27 16:13:42,1194.79,1201.85,130.1,4.396,273.4,0.994,49.93,heater
2024-10-27 16:13:42,910.42,918.24,119.6,3.34,274.89,0.991,49.93,toaster
2024-10-27 16:13:44,103.73,106.03,21.94,0.387,273.83,0.978,49.66,fan
2024-10-27 16:13:44,1202.35,1210.43,139.61,4.395,275.41,0.993,49.66,heater
2024-10-27 16:13:44,908.69,915.3,109.83,3.34,274.05,0.993,49.66,toaster
2024-10-27 16:13:46,104.41,106.78,22.38,0.387,276.02,0.978,49.92,fan
2024-10-27 16:13:46,1198.33,1205.61,132.35,4.393,274.43,0.994,49.92,heater
2024-10-27 16:13:46,911.91,918.54,110.23,3.341,274.95,0.993,49.92,toaster
2024-10-27 16:13:48,104.77,107.0,21.71,0.39,274.15,0.979,50.43,fan
2024-10-27 16:13:48,1201.97,1209.91,138.38,4.391,275.56,0.993,50.43,heater
2024-10-27 16:13:48,906.12,912.85,110.63,3.338,273.45,0.993,50.43,toaster
2024-10-27 16:13:51,103.93,106.05,21.11,0.387,274.05,0.98,49.93,fan
2024-10-27 16:13:51,1200.27,1208.04,136.76,4.389,275.22,0.994,49.93,heater
2024-10-27 16:13:51,910.14,916.62,108.78,3.339,274.49,0.993,49.93,toaster
2024-10-27 16:13:53,104.82,107.47,23.69,0.391,274.79,0.975,49.97,fan
2024-10-27 16:13:53,1197.55,1204.08,125.27,4.391,274.2,0.995,49.97,heater
2024-10-27 16:13:53,907.28,914.21,112.35,3.341,273.62,0.992,49.97,toaster
2024-10-27 16:13:55,104.43,106.36,20.18,0.387,274.49,0.982,49.92,fan
2024-10-27 16:13:55,1198.06,1206.72,144.31,4.387,275.08,0.993,49.92,heater
2024-10-27 16:13:55,908.26,915.57,115.53,3.34,274.14,0.992,49.92,toaster
2024-10-27 16:13:57,103.96,106.02,20.77,0.386,274.6,0.981,49.77,fan
2024-10-27 16:13:57,1195.66,1202.79,130.81,4.387,274.2,0.994,49.77,heater
2024-10-27 16:13:57,907.82,915.63,119.36,3.341,274.03,0.991,49.77,toaster
2024-10-27 16:13:59,104.49,106.57,20.97,0.389,274.15,0.98,49.96,fan
2024-10-27 16:13:59,1195.29,1202.07,127.47,4.388,273.93,0.994,49.96,heater
2024-10-27 16:13:59,911.0,918.22,114.92,3.341,274.85,0.992,49.96,toaster
2024-10-27 16:14:01,103.68,106.16,22.8,0.387,273.98,0.977,49.97,fan
2024-10-27 16:14:01,1196.1,1203.06,129.3,4.388,274.2,0.994,49.97,heater
2024-10-27 16:14:01,909.32,916.08,111.03,3.34,274.26,0.993,49.97,toaster
2024-10-27 16:14:03,104.72,106.99,21.92,0.39,274.57,0.979,49.96,fan
2024-10-27 16:14:03,1197.22,1204.46,131.8,4.388,274.5,0.994,49.96,heater
2024-10-27 16:14:03,909.9,917.56,118.28,3.341,274.64,0.992,49.96,toaster
2024-10-27 16:14:05,104.89,106.9,20.64,0.389,275.09,0.981,49.97,fan
2024-10-27 16:14:05,1197.39,1205.37,138.46,4.384,274.96,0.993,49.97,heater
2024-10-27 16:14:05,911.97,919.11,114.31,3.342,275.03,0.992,49.97,toaster
2024-10-27 16:14:36,104.83,106.84,20.64,0.389,274.59,0.981,49.98,fan
2024-10-27 16:14:36,1197.71,1204.83,130.79,4.383,274.88,0.994,49.98,heater
2024-10-27 16:14:36,910.83,917.79,112.83,3.34,274.79,0.992,49.98,toaster
2024-10-27 16:14:36,104.45,106.63,21.45,0.388,274.47,0.98,49.95,fan
2024-10-27 16:14:36,1195.8,1202.44,126.25,4.385,274.23,0.994,49.95,heater
2024-10-27 16:14:36,910.27,917.12,111.9,3.341,274.5,0.993,49.95,toaster
2024-10-27 16:14:36,104.79,106.79,20.54,0.387,275.59,0.981,49.51,fan
2024-10-27 16:14:36,1198.13,1205.47,132.75,4.383,275.05,0.994,49.51,heater
2024-10-27 16:14:36,911.67,918.31,110.22,3.342,274.76,0.993,49.51,toaster
2024-10-27 16:14:36,103.72,105.93,21.55,0.386,274.5,0.979,49.92,fan
2024-10-27 16:14:36,1198.51,1207.18,144.44,4.385,275.29,0.993,49.92,heater
2024-10-27 16:14:36,909.73,917.08,115.86,3.342,274.43,0.992,49.92,toaster
2024-10-27 16:14:36,104.31,106.44,21.18,0.387,274.9,0.98,50.09,fan
2024-10-27 16:14:36,1194.88,1202.67,136.67,4.382,274.47,0.994,50.09,heater
2024-10-27 16:14:36,909.68,916.24,109.52,3.338,274.47,0.993,50.09,toaster
2024-10-27 16:14:37,103.66,105.73,20.82,0.385,274.45,0.98,49.96,fan
2024-10-27 16:14:37,1199.29,1206.3,129.9,4.384,275.15,0.994,49.96,heater
2024-10-27 16:14:37,914.04,921.44,116.55,3.339,275.93,0.992,49.96,toaster
2024-10-27 16:14:37,103.93,106.5,23.26,0.387,275.01,0.976,49.94,fan
2024-10-27 16:14:37,600.31,603.8,64.8,2.194,275.16,0.994,49.94,heater
2024-10-27 16:14:37,912.82,919.92,114.02,3.355,274.16,0.992,49.94,toaster
2024-10-27 16:14:37,105.44,107.57,21.28,0.39,275.48,0.98,5665.86,fan
2024-10-27 16:14:37,600.58,604.28,66.76,2.193,275.57,0.994,5665.86,heater
2024-10-27 16:14:37,916.33,924.08,119.39,3.352,275.68,0.992,5665.86,toaster
2024-10-27 16:14:37,105.23,107.49,21.92,0.39,275.86,0.979,99.67,fan
2024-10-27 16:14:37,599.88,604.24,72.48,2.19,275.9,0.993,99.67,heater
2024-10-27 16:14:37,917.57,924.74,114.92,3.353,275.8,0.992,99.67,toaster
2024-10-27 16:14:37,104.43,106.76,22.16,0.388,274.94,0.978,49.8,fan
2024-10-27 16:14:37,600.38,603.83,64.47,2.192,275.47,0.994,49.8,heater
2024-10-27 16:14:37,914.11,920.64,109.44,3.351,274.77,0.993,49.8,toaster
2024-10-27 16:14:37,104.99,106.97,20.46,0.389,274.96,0.982,49.89,fan
2024-10-27 16:14:37,599.69,603.63,68.88,2.191,275.56,0.993,49.89,heater
2024-10-27 16:14:37,914.39,921.2,111.78,3.354,274.65,0.993,49.89,toaster
2024-10-27 16:14:37,104.98,107.56,23.38,0.39,275.64,0.976,49.91,fan
2024-10-27 16:14:37,599.54,603.37,67.85,2.192,275.25,0.994,49.91,heater
2024-10-27 16:14:37,915.22,922.87,118.6,3.352,275.33,0.992,49.91,toaster
2024-10-27 16:14:37,104.75,106.97,21.67,0.389,274.85,0.979,49.89,fan
2024-10-27 16:14:37,600.23,604.03,67.66,2.193,275.41,0.994,49.89,heater
2024-10-27 16:14:37,918.26,925.23,113.33,3.355,275.8,0.992,49.89,toaster
2024-10-27 16:14:37,104.93,107.03,21.08,0.389,275.13,0.98,49.95,fan
2024-10-27 16:14:37,600.37,604.39,69.62,2.193,275.59,0.993,49.95,heater
2024-10-27 16:14:37,913.85,920.6,111.33,3.354,274.47,0.993,49.95,toaster
2024-10-27 16:14:38,105.64,107.85,21.72,0.39,276.56,0.98,50.01,fan
2024-10-27 16:14:38,598.7,602.51,67.64,2.194,274.67,0.994,50.01,heater
2024-10-27 16:14:38,916.05,923.11,113.97,3.353,275.31,0.992,50.01,toaster
2024-10-27 16:14:39,105.14,107.23,21.1,0.389,275.83,0.98,3189.6,fan
2024-10-27 16:14:39,599.59,603.43,67.96,2.192,275.23,0.994,3189.6,heater
2024-10-27 16:14:39,916.39,924.24,120.23,3.353,275.67,0.992,3189.6,toaster
2024-10-27 16:14:41,104.57,107.02,22.74,0.388,275.65,0.977,49.95,fan
2024-10-27 16:14:41,600.97,604.96,69.36,2.191,276.05,0.993,49.95,heater
2024-10-27 16:14:41,915.74,922.56,111.92,3.355,274.96,0.993,49.95,toaster
2024-10-27 16:14:43,105.39,107.58,21.6,0.389,276.82,0.98,49.98,fan
2024-10-27 16:14:43,599.24,603.14,68.43,2.192,275.2,0.994,49.98,heater
2024-10-27 16:14:43,913.93,921.02,114.07,3.355,274.52,0.992,49.98,toaster
2024-10-27 16:14:45,105.17,107.14,20.43,0.388,275.88,0.982,49.93,fan
2024-10-27 16:14:45,599.09,603.42,72.19,2.19,275.51,0.993,49.93,heater
2024-10-27 16:14:45,917.68,924.82,114.62,3.355,275.63,0.992,49.93,toaster
2024-10-27 16:14:47,104.79,107.04,21.8,0.388,275.96,0.979,49.91,fan
2024-10-27 16:14:47,597.96,602.04,69.95,2.191,274.8,0.993,49.91,heater
2024-10-27 16:14:47,916.46,922.9,108.81,3.354,275.15,0.993,49.91,toaster
2024-10-27 16:14:49,104.77,106.9,21.25,0.388,275.51,0.98,50.1,fan
2024-10-27 16:14:49,599.64,603.59,68.9,2.191,275.53,0.993,50.1,heater
2024-10-27 16:14:49,917.9,924.59,111.04,3.355,275.56,0.993,50.1,toaster
2024-10-27 16:14:52,104.84,107.03,21.53,0.389,275.0,0.98,114.93,fan
2024-10-27 16:14:52,597.92,601.55,66.0,2.189,274.75,0.994,114.93,heater
2024-10-27 16:14:52,920.76,928.24,117.58,3.355,276.64,0.992,114.93,toaster
2024-10-27 16:14:54,104.52,106.63,21.08,0.387,275.54,0.98,50.02,fan
2024-10-27 16:14:54,602.21,606.09,68.46,2.19,276.69,0.994,50.02,heater
2024-10-27 16:14:54,921.54,929.22,119.2,3.356,276.86,0.992,50.02,toaster
2024-10-27 16:14:56,104.89,107.41,23.15,0.388,276.5,0.976,116.04,fan
2024-10-27 16:14:56,599.81,603.87,69.92,2.191,275.58,0.993,116.04,heater
2024-10-27 16:14:56,916.93,924.05,114.56,3.354,275.48,0.992,116.04,toaster
2024-10-27 16:14:58,104.61,106.74,21.2,0.387,275.81,0.98,50.09,fan
2024-10-27 16:14:58,598.06,601.93,68.22,2.19,274.91,0.994,50.09,heater
2024-10-27 16:14:58,913.58,921.1,117.49,3.354,274.61,0.992,50.09,toaster
2024-10-27 16:15:00,106.07,108.08,20.75,0.391,276.41,0.981,49.99,fan
2024-10-27 16:15:00,0.33,14.04,14.04,0.051,276.06,0.024,49.99,No Appliance Detected
2024-10-27 16:15:00,925.69,933.7,122.01,3.368,277.2,0.991,49.99,toaster
2024-10-27 16:15:02,106.44,108.78,22.41,0.393,277.07,0.979,50.3,fan
2024-10-27 16:15:02,0.14,13.57,13.57,0.049,277.81,0.01,50.3,No Appliance Detected
2024-10-27 16:15:02,0.15,13.3,13.3,0.048,278.29,0.011,50.3,No Appliance Detected
2024-10-27 16:15:04,106.06,108.38,22.31,0.39,277.7,0.979,50.91,fan
2024-10-27 16:15:04,0.14,17.62,17.62,0.064,276.03,0.008,50.91,No Appliance Detected
2024-10-27 16:15:04,-0.03,15.35,15.35,0.055,277.45,0.002,50.91,No Appliance Detected
2024-10-27 16:15:06,-0.03,12.65,12.65,0.046,277.13,0.003,49.62,No Appliance Detected
2024-10-27 16:15:06,0.09,15.38,15.38,0.055,277.93,0.006,49.62,No Appliance Detected
2024-10-27 16:15:06,0.55,15.39,15.38,0.056,277.15,0.036,49.62,No Appliance Detected
2024-10-27 16:15:08,-0.04,16.07,16.07,0.058,277.88,0.003,49.98,No Appliance Detected
2024-10-27 16:15:08,0.11,16.03,16.03,0.058,277.69,0.007,49.98,No Appliance Detected
2024-10-27 16:15:08,0.01,14.55,14.55,0.052,278.38,0.001,49.98,No Appliance Detected
2024-10-27 16:15:10,0.06,13.54,13.54,0.049,276.75,0.004,100.44,No Appliance Detected
2024-10-27 16:15:10,0.33,14.96,14.96,0.054,278.29,0.022,100.44,No Appliance Detected
2024-10-27 16:15:10,-0.25,14.18,14.18,0.051,276.61,0.018,100.44,No Appliance Detected
2024-10-27 16:15:13,0.0,14.52,14.52,0.052,277.04,0.0,50.37,No Appliance Detected
2024-10-27 16:15:13,0.01,14.34,14.34,0.052,276.19,0.001,50.37,No Appliance Detected
2024-10-27 16:15:13,-0.19,14.85,14.85,0.053,278.67,0.013,50.37,No Appliance Detected
2024-10-27 16:15:15,-0.11,15.19,15.19,0.055,276.98,0.007,50.51,No Appliance Detected
2024-10-27 16:15:15,605.59,609.74,71.05,2.204,276.64,0.993,50.51,heater
2024-10-27 16:15:15,931.56,939.41,121.23,3.4,276.28,0.992,50.51,toaster
2024-10-27 16:15:17,94.96,102.19,37.76,0.372,274.91,0.929,50.05,fan
2024-10-27 16:15:17,604.87,609.21,72.59,2.198,277.16,0.993,50.05,heater
2024-10-27 16:15:17,922.68,929.29,110.57,3.371,275.7,0.993,50.05,toaster
2024-10-27 16:15:19,92.72,99.89,37.16,0.363,275.43,0.928,49.98,fan
2024-10-27 16:15:19,600.67,604.1,64.31,2.196,275.03,0.994,49.98,heater
2024-10-27 16:15:19,921.85,928.93,114.49,3.365,276.03,0.992,49.98,toaster
2024-10-27 16:15:21,89.12,96.86,37.94,0.352,275.5,0.92,49.79,fan
2024-10-27 16:15:21,605.73,609.92,71.35,2.2,277.27,0.993,49.79,heater
2024-10-27 16:15:21,917.31,924.35,113.82,3.363,274.83,0.992,49.79,toaster
2024-10-27 16:15:23,85.86,94.12,38.56,0.342,275.52,0.912,50.0,fan
2024-10-27 16:15:23,602.0,605.85,68.18,2.194,276.12,0.994,50.0,heater
2024-10-27 16:15:23,920.16,928.1,121.12,3.36,276.18,0.991,50.0,toaster
2024-10-27 16:15:25,83.88,91.69,37.04,0.332,276.25,0.915,50.03,fan
2024-10-27 16:15:25,601.15,605.97,76.23,2.196,275.98,0.992,50.03,heater
2024-10-27 16:15:25,917.34,924.42,114.16,3.36,275.14,0.992,50.03,toaster
2024-10-27 16:15:27,83.28,90.86,36.34,0.329,276.14,0.917,49.78,fan
2024-10-27 16:15:27,601.44,605.34,68.63,2.195,275.8,0.994,49.78,heater
2024-10-27 16:15:27,917.32,924.63,116.01,3.358,275.34,0.992,49.78,toaster
2024-10-27 16:15:29,82.84,90.73,37.03,0.329,275.46,0.913,50.01,fan
2024-10-27 16:15:29,601.43,605.68,71.66,2.195,275.94,0.993,50.01,heater
2024-10-27 16:15:29,918.73,925.88,114.78,3.358,275.76,0.992,50.01,toaster
2024-10-27 16:15:31,82.78,90.27,36.01,0.327,276.16,0.917,49.82,fan
2024-10-27 16:15:31,601.36,605.89,73.99,2.194,276.14,0.993,49.82,heater
2024-10-27 16:15:31,921.67,930.15,125.36,3.357,277.07,0.991,49.82,toaster
2024-10-27 16:15:34,82.72,90.12,35.75,0.327,275.46,0.918,3770.87,fan
2024-10-27 16:15:34,601.35,605.04,66.73,2.195,275.68,0.994,3770.87,heater
2024-10-27 16:15:34,921.58,929.8,123.38,3.36,276.72,0.991,3770.87,toaster
2024-10-27 16:15:36,82.45,90.35,36.95,0.327,275.97,0.913,99.73,fan
2024-10-27 16:15:36,600.86,604.52,66.44,2.195,275.44,0.994,99.73,heater
2024-10-27 16:15:36,915.81,922.98,114.83,3.359,274.81,0.992,99.73,toaster
2024-10-27 16:16:06,82.54,90.23,36.45,0.328,274.94,0.915,99.69,fan
2024-10-27 16:16:06,600.19,603.82,66.12,2.193,275.3,0.994,99.69,heater
2024-10-27 16:16:06,914.85,921.9,113.81,3.356,274.68,0.992,99.69,toaster
2024-10-27 16:16:06,83.09,90.5,35.88,0.329,275.01,0.918,49.96,fan
2024-10-27 16:16:06,601.43,605.64,71.25,2.194,276.02,0.993,49.96,heater
2024-10-27 16:16:06,918.14,925.28,114.71,3.354,275.89,0.992,49.96,toaster
2024-10-27 16:16:06,82.69,90.48,36.72,0.329,274.76,0.914,88.11,fan
2024-10-27 16:16:06,598.04,601.13,60.92,2.192,274.25,0.995,88.11,heater
2024-10-27 16:16:06,914.8,921.91,114.28,3.354,274.86,0.992,88.11,toaster
2024-10-27 16:16:06,83.36,91.25,37.12,0.331,276.05,0.914,49.94,fan
2024-10-27 16:16:06,603.98,609.13,79.07,2.193,277.78,0.992,49.94,heater
2024-10-27 16:16:06,922.23,930.88,126.61,3.353,277.66,0.991,49.94,toaster
2024-10-27 16:16:07,82.9,90.64,36.67,0.329,275.67,0.915,5540.12,fan
2024-10-27 16:16:07,601.32,605.43,70.36,2.193,276.09,0.993,5540.12,heater
2024-10-27 16:16:07,919.15,927.76,126.15,3.354,276.62,0.991,5540.12,toaster
2024-10-27 16:16:07,83.64,91.41,36.89,0.331,276.29,0.915,3358.02,fan
2024-10-27 16:16:07,600.25,604.27,69.58,2.194,275.44,0.993,3358.02,heater
2024-10-27 16:16:07,917.84,925.38,117.84,3.353,276.0,0.992,3358.02,toaster
2024-10-27 16:16:07,83.05,90.52,36.0,0.329,275.08,0.918,50.23,fan
2024-10-27 16:16:07,600.35,604.13,67.44,2.193,275.47,0.994,50.23,heater
2024-10-27 16:16:07,917.01,923.67,110.7,3.354,275.39,0.993,50.23,toaster
2024-10-27 16:16:07,83.29,90.78,36.11,0.33,275.36,0.917,49.89,fan
2024-10-27 16:16:07,598.77,602.45,66.46,2.19,275.11,0.994,49.89,heater
2024-10-27 16:16:07,915.32,922.71,116.5,3.354,275.1,0.992,49.89,toaster
2024-10-27 16:16:07,83.58,91.06,36.14,0.33,275.94,0.918,3430.03,fan
2024-10-27 16:16:07,598.74,602.67,68.76,2.192,275.0,0.993,3430.03,heater
2024-10-27 16:16:07,912.43,919.29,112.12,3.35,274.41,0.993,3430.03,toaster
2024-10-27 16:16:07,83.26,91.06,36.87,0.33,275.82,0.914,49.88,fan
2024-10-27 16:16:07,597.73,601.91,70.84,2.195,274.2,0.993,49.88,heater
2024-10-27 16:16:07,913.14,920.01,112.2,3.354,274.28,0.993,49.88,toaster
2024-10-27 16:16:07,82.75,90.73,37.21,0.329,275.39,0.912,5055.73,fan
2024-10-27 16:16:07,601.51,605.75,71.53,2.191,276.48,0.993,5055.73,heater
2024-10-27 16:16:07,918.6,925.21,110.35,3.353,275.92,0.993,5055.73,toaster
2024-10-27 16:16:07,83.8,91.71,37.26,0.332,275.84,0.914,49.95,fan
2024-10-27 16:16:07,599.53,603.82,71.87,2.191,275.63,0.993,49.95,heater
2024-10-27 16:16:07,917.42,924.65,115.47,3.353,275.74,0.992,49.95,toaster
2024-10-27 16:16:07,83.26,90.78,36.18,0.328,276.49,0.917,49.88,fan
2024-10-27 16:16:07,599.43,603.18,67.19,2.189,275.55,0.994,49.88,heater
2024-10-27 16:16:07,914.45,921.63,114.76,3.352,274.99,0.992,49.88,toaster
2024-10-27 16:16:07,83.16,90.93,36.78,0.331,275.05,0.915,4663.22,fan
2024-10-27 16:16:07,597.71,601.97,71.56,2.188,275.09,0.993,4663.22,heater
2024-10-27 16:16:07,913.27,920.74,117.09,3.349,274.92,0.992,4663.22,toaster
2024-10-27 16:16:08,82.65,90.26,36.27,0.329,274.57,0.916,49.72,fan
2024-10-27 16:16:08,598.33,601.85,65.01,2.189,274.94,0.994,49.72,heater
2024-10-27 16:16:08,910.45,917.59,114.3,3.35,273.91,0.992,49.72,toaster
2024-10-27 16:16:09,82.8,90.06,35.42,0.326,276.25,0.919,49.88,fan
2024-10-27 16:16:09,598.62,602.15,65.11,2.192,274.68,0.994,49.88,heater
2024-10-27 16:16:09,911.45,918.76,115.72,3.349,274.37,0.992,49.88,toaster
2024-10-27 16:16:11,83.21,90.67,36.02,0.33,275.09,0.918,50.02,fan
2024-10-27 16:16:11,596.42,600.02,65.58,2.19,274.04,0.994,50.02,heater
2024-10-27 16:16:11,911.81,919.05,115.13,3.348,274.5,0.992,50.02,toaster
2024-10-27 16:16:13,83.11,90.97,36.99,0.329,276.16,0.914,50.75,fan
2024-10-27 16:16:13,598.02,601.78,67.18,2.19,274.8,0.994,50.75,heater
2024-10-27 16:16:13,910.59,918.36,119.25,3.348,274.27,0.992,50.75,toaster
2024-10-27 16:16:15,83.15,90.56,35.89,0.328,275.88,0.918,2935.62,fan
2024-10-27 16:16:15,597.77,601.51,67.02,2.191,274.55,0.994,2935.62,heater
2024-10-27 16:16:15,914.51,922.14,118.37,3.349,275.31,0.992,2935.62,toaster
2024-10-27 16:16:18,83.3,91.05,36.77,0.33,276.16,0.915,49.91,fan
2024-10-27 16:16:18,600.01,604.53,73.81,2.191,275.9,0.993,49.91,heater
2024-10-27 16:16:18,916.47,924.39,120.71,3.349,276.01,0.991,49.91,toaster
2024-10-27 16:16:20,82.15,90.07,36.91,0.328,274.62,0.912,4369.17,fan
2024-10-27 16:16:20,598.23,601.75,64.95,2.191,274.67,0.994,4369.17,heater
2024-10-27 16:16:20,916.06,924.45,124.23,3.35,275.98,0.991,4369.17,toaster
2024-10-27 16:16:22,82.98,90.77,36.8,0.329,275.75,0.914,4184.71,fan
2024-10-27 16:16:22,601.14,605.3,70.89,2.19,276.43,0.993,4184.71,heater
2024-10-27 16:16:22,919.91,926.6,111.13,3.35,276.64,0.993,4184.71,toaster
2024-10-27 16:16:24,83.27,91.16,37.11,0.331,275.55,0.913,49.89,fan
2024-10-27 16:16:24,599.96,603.9,68.9,2.191,275.65,0.993,49.89,heater
2024-10-27 16:16:24,917.09,924.94,120.26,3.351,276.0,0.992,49.89,toaster
2024-10-27 16:16:26,83.09,90.86,36.76,0.33,275.17,0.914,2444.59,fan
2024-10-27 16:16:26,598.66,602.17,64.91,2.191,274.89,0.994,2444.59,heater
2024-10-27 16:16:26,913.91,921.93,121.36,3.348,275.37,0.991,2444.59,toaster
2024-10-27 16:16:28,83.3,91.07,36.79,0.33,276.24,0.915,49.96,fan
2024-10-27 16:16:28,599.81,603.88,69.98,2.191,275.6,0.993,49.96,heater
2024-10-27 16:16:28,915.64,923.96,123.71,3.35,275.78,0.991,49.96,toaster
2024-10-27 16:16:30,82.7,90.4,36.52,0.328,275.33,0.915,49.88,fan
2024-10-27 16:16:30,598.24,602.08,67.92,2.19,274.91,0.994,49.88,heater
2024-10-27 16:16:30,914.67,921.53,112.27,3.349,275.13,0.993,49.88,toaster
2024-10-27 16:16:32,83.39,90.89,36.17,0.33,275.83,0.917,49.63,fan
2024-10-27 16:16:32,600.12,603.84,66.89,2.192,275.52,0.994,49.63,heater
2024-10-27 16:16:32,919.25,926.9,118.79,3.35,276.68,0.992,49.63,toaster
2024-10-27 16:16:34,82.65,90.77,37.52,0.329,275.83,0.911,2532.05,fan
2024-10-27 16:16:34,601.49,605.76,71.8,2.192,276.39,0.993,2532.05,heater
2024-10-27 16:16:34,914.26,921.49,115.18,3.351,274.97,0.992,2532.05,toaster
2024-10-27 16:16:36,82.53,90.24,36.49,0.327,276.16,0.915,50.11,fan
2024-10-27 16:16:36,597.83,602.15,71.97,2.189,275.03,0.993,50.11,heater
2024-10-27 16:16:36,913.93,920.98,113.73,3.35,274.92,0.992,50.11,toaster
2024-10-27 16:16:38,82.9,90.62,36.58,0.328,276.54,0.915,49.47,fan
2024-10-27 16:16:38,598.31,602.15,67.84,2.19,274.95,0.994,49.47,heater
2024-10-27 16:16:38,914.43,921.91,117.19,3.35,275.2,0.992,49.47,toaster
2024-10-27 16:16:41,83.01,90.75,36.69,0.33,274.97,0.915,3871.61,fan
2024-10-27 16:16:41,597.18,601.45,71.56,2.189,274.74,0.993,3871.61,heater
2024-10-27 16:16:41,912.41,919.19,111.45,3.348,274.51,0.993,3871.61,toaster
2024-10-27 16:16:43,82.9,90.6,36.57,0.329,275.71,0.915,1993.93,fan
2024-10-27 16:16:43,597.26,600.83,65.4,2.189,274.46,0.994,1993.93,heater
2024-10-27 16:16:43,915.94,923.44,117.47,3.349,275.74,0.992,1993.93,toaster
2024-10-27 16:16:45,82.77,90.21,35.89,0.327,275.48,0.917,50.54,fan
2024-10-27 16:16:45,597.53,601.75,71.18,2.186,275.24,0.993,50.54,heater
2024-10-27 16:16:45,917.78,925.03,115.55,3.347,276.42,0.992,50.54,toaster
2024-10-27 16:16:47,83.81,91.59,36.92,0.331,276.31,0.915,49.82,fan
2024-10-27 16:16:47,603.16,607.22,70.16,2.198,276.23,0.993,49.82,heater
2024-10-27 16:16:47,-0.3,13.79,13.78,0.05,275.97,0.022,49.82,No Appliance Detected
2024-10-27 16:16:49,83.81,91.85,37.57,0.332,276.71,0.913,49.82,fan
2024-10-27 16:16:49,599.77,603.31,65.34,2.197,274.63,0.994,49.82,heater
2024-10-27 16:16:49,-0.87,13.73,13.71,0.05,275.95,0.064,49.82,No Appliance Detected
2024-10-27 16:16:51,83.16,90.56,35.86,0.329,275.51,0.918,49.48,fan
2024-10-27 16:16:51,604.11,608.32,71.44,2.197,276.86,0.993,49.48,heater
2024-10-27 16:16:51,-0.6,15.05,15.03,0.055,275.84,0.04,49.48,No Appliance Detected
2024-10-27 16:16:53,82.45,90.16,36.49,0.327,276.09,0.914,50.46,fan
2024-10-27 16:16:53,595.47,599.0,64.88,2.186,274.04,0.994,50.46,heater
2024-10-27 16:16:53,913.27,921.21,120.66,3.352,274.81,0.991,50.46,toaster
2024-10-27 16:16:55,82.42,90.29,36.88,0.328,275.2,0.913,49.53,fan
2024-10-27 16:16:55,596.81,600.39,65.49,2.186,274.67,0.994,49.53,heater
2024-10-27 16:16:55,914.25,921.27,113.48,3.35,275.02,0.992,49.53,toaster
2024-10-27 16:16:57,83.05,90.65,36.34,0.328,276.42,0.916,3674.71,fan
2024-10-27 16:16:57,599.22,603.49,71.66,2.186,276.01,0.993,3674.71,heater
2024-10-27 16:16:57,915.06,921.97,112.72,3.347,275.46,0.992,3674.71,toaster
2024-10-27 16:16:59,82.26,89.84,36.12,0.326,275.31,0.916,50.29,fan
2024-10-27 16:16:59,596.6,600.41,67.6,2.189,274.31,0.994,50.29,heater
2024-10-27 16:16:59,911.02,918.43,116.42,3.349,274.26,0.992,50.29,toaster
2024-10-27 16:17:01,82.67,89.92,35.36,0.327,275.07,0.919,49.8,fan
2024-10-27 16:17:01,512.75,558.95,222.52,2.02,276.71,0.917,49.8,heater
2024-10-27 16:17:01,913.66,920.2,109.54,3.359,273.98,0.993,49.8,toaster
2024-10-27 16:17:04,83.32,90.91,36.37,0.329,275.93,0.916,49.83,fan
2024-10-27 16:17:04,0.07,14.01,14.01,0.051,276.22,0.005,49.83,No Appliance Detected
2024-10-27 16:17:04,918.06,925.44,116.71,3.359,275.54,0.992,49.83,toaster
2024-10-27 16:17:06,83.52,91.26,36.79,0.329,277.35,0.915,49.81,fan
2024-10-27 16:17:06,-0.05,15.03,15.03,0.054,276.12,0.003,49.81,No Appliance Detected
2024-10-27 16:17:06,916.51,923.19,110.92,3.359,274.82,0.993,49.81,toaster
2024-10-27 18:21:35,0.04,15.9,15.9,0.057,276.59,0.003,50.03,No Appliance Detected
2024-10-27 18:21:35,0.52,15.23,15.22,0.055,277.15,0.034,50.03,No Appliance Detected
2024-10-27 18:21:35,0.47,15.2,15.19,0.055,276.6,0.031,50.03,No Appliance Detected
2024-10-27 18:21:37,0.34,16.12,16.12,0.058,277.18,0.021,3141.66,No Appliance Detected
2024-10-27 18:21:37,-0.07,15.6,15.6,0.056,276.38,0.004,3141.66,No Appliance Detected
2024-10-27 18:21:37,0.09,14.33,14.33,0.052,277.56,0.007,3141.66,No Appliance Detected
2024-10-27 18:21:40,-0.01,15.43,15.43,0.056,275.99,0.0,50.07,No Appliance Detected
2024-10-27 18:21:40,0.18,14.23,14.23,0.051,276.56,0.013,50.07,No Appliance Detected
2024-10-27 18:21:40,0.09,16.53,16.53,0.06,275.94,0.005,50.07,No Appliance Detected
2024-10-27 18:21:42,0.11,15.43,15.43,0.056,276.07,0.007,49.85,No Appliance Detected
2024-10-27 18:21:42,0.3,16.96,16.96,0.061,276.8,0.018,49.85,No Appliance Detected
2024-10-27 18:21:42,0.09,15.31,15.31,0.055,276.58,0.006,49.85,No Appliance Detected
2024-10-27 18:21:44,0.12,14.45,14.45,0.052,277.1,0.008,49.8,No Appliance Detected
2024-10-27 18:21:44,-0.1,14.26,14.26,0.052,275.57,0.007,49.8,No Appliance Detected
2024-10-27 18:21:44,-0.33,15.71,15.7,0.057,275.91,0.021,49.8,No Appliance Detected
2024-10-27 18:21:46,-0.33,16.08,16.08,0.058,276.09,0.021,50.02,No Appliance Detected
2024-10-27 18:21:46,-0.03,14.04,14.04,0.051,276.34,0.002,50.02,No Appliance Detected
2024-10-27 18:21:46,0.14,15.31,15.31,0.055,277.04,0.009,50.02,No Appliance Detected
2024-10-27 18:21:48,-0.58,15.18,15.17,0.055,276.2,0.038,3270.65,No Appliance Detected
2024-10-27 18:21:48,0.1,14.81,14.81,0.053,277.15,0.007,3270.65,No Appliance Detected
2024-10-27 18:21:48,0.6,15.47,15.46,0.056,276.94,0.039,3270.65,No Appliance Detected
2024-10-27 18:21:50,0.09,16.19,16.19,0.059,275.95,0.006,50.03,No Appliance Detected
2024-10-27 18:21:50,629.13,633.24,72.08,2.299,275.4,0.994,50.03,heater
2024-10-27 18:21:50,934.3,940.93,111.49,3.433,274.08,0.993,50.03,toaster
2024-10-27 18:21:52,91.63,99.27,38.2,0.361,274.83,0.923,49.98,fan
2024-10-27 18:21:52,625.5,629.64,72.06,2.287,275.31,0.993,49.98,heater
2024-10-27 18:21:52,924.41,931.94,118.21,3.389,274.99,0.992,49.98,toaster
2024-10-27 18:21:54,89.24,97.07,38.19,0.354,274.52,0.919,50.13,fan
2024-10-27 18:21:54,622.11,626.05,70.06,2.282,274.3,0.994,50.13,heater
2024-10-27 18:21:54,918.61,925.2,110.26,3.375,274.12,0.993,50.13,toaster
2024-10-27 18:21:56,85.19,93.21,37.82,0.341,273.61,0.914,50.04,fan
2024-10-27 18:21:56,623.52,627.45,70.05,2.282,274.99,0.994,50.04,heater
2024-10-27 18:21:56,918.81,925.37,110.02,3.371,274.51,0.993,50.04,toaster
2024-10-27 18:21:58,83.24,91.84,38.81,0.335,274.5,0.906,3463.63,fan
2024-10-27 18:21:58,621.01,624.37,64.72,2.28,273.79,0.995,3463.63,heater
2024-10-27 18:21:58,916.88,923.87,113.44,3.366,274.51,0.992,3463.63,toaster
2024-10-27 18:22:01,80.92,88.8,36.59,0.324,274.25,0.911,50.02,fan
2024-10-27 18:22:01,619.7,623.4,67.77,2.274,274.11,0.994,50.02,heater
2024-10-27 18:22:01,917.63,924.92,115.86,3.362,275.08,0.992,50.02,toaster
2024-10-27 18:22:03,80.79,88.79,36.84,0.325,273.47,0.91,50.03,fan
2024-10-27 18:22:03,619.88,623.62,68.15,2.27,274.67,0.994,50.03,heater
2024-10-27 18:22:03,915.31,921.29,104.81,3.36,274.22,0.994,50.03,toaster
2024-10-27 18:22:05,81.1,89.31,37.39,0.326,274.1,0.908,50.03,fan
2024-10-27 18:22:05,617.49,621.2,67.86,2.268,273.91,0.994,50.03,heater
2024-10-27 18:22:05,913.76,920.4,110.36,3.359,274.04,0.993,50.03,toaster
2024-10-27 18:22:07,80.21,88.68,37.8,0.324,274.11,0.905,49.98,fan
2024-10-27 18:22:07,618.95,622.28,64.21,2.268,274.36,0.995,49.98,heater
2024-10-27 18:22:07,913.86,921.44,117.96,3.359,274.31,0.992,49.98,toaster
2024-10-27 18:22:09,80.68,88.71,36.9,0.323,274.8,0.909,49.92,fan
2024-10-27 18:22:09,617.13,621.09,70.01,2.267,273.94,0.994,49.92,heater
2024-10-27 18:22:09,916.43,923.21,111.64,3.36,274.76,0.993,49.92,toaster
2024-10-27 18:22:11,81.26,89.4,37.28,0.326,274.37,0.909,50.0,fan
2024-10-27 18:22:11,615.07,618.5,65.03,2.262,273.46,0.994,50.0,heater
2024-10-27 18:22:11,917.57,924.49,112.95,3.357,275.38,0.993,50.0,toaster
2024-10-27 18:22:13,81.79,89.4,36.08,0.325,275.28,0.915,49.99,fan
2024-10-27 18:22:13,619.29,623.09,68.66,2.26,275.69,0.994,49.99,heater
2024-10-27 18:22:13,914.31,921.24,112.78,3.357,274.45,0.992,49.99,toaster
2024-10-27 18:22:15,80.76,89.13,37.71,0.324,274.81,0.906,49.99,fan
2024-10-27 18:22:15,616.39,619.97,66.59,2.258,274.54,0.994,49.99,heater
2024-10-27 18:22:15,917.27,923.36,105.85,3.358,275.0,0.993,49.99,toaster
2024-10-27 18:22:17,81.25,89.15,36.69,0.325,274.46,0.911,49.96,fan
2024-10-27 18:22:17,620.21,624.29,71.25,2.259,276.35,0.993,49.96,heater
2024-10-27 18:22:17,915.97,922.77,111.85,3.357,274.9,0.993,49.96,toaster
2024-10-27 18:22:20,80.5,88.67,37.16,0.324,273.86,0.908,3730.93,fan
2024-10-27 18:22:20,1238.08,1244.81,129.21,4.538,274.29,0.995,3730.93,heater
2024-10-27 18:22:20,906.93,913.65,110.6,3.343,273.28,0.993,3730.93,toaster
2024-10-27 18:22:22,88.85,95.11,33.94,0.347,274.43,0.934,49.98,fan
2024-10-27 18:22:22,1233.47,1239.46,121.77,4.532,273.49,0.995,49.98,heater
2024-10-27 18:22:22,906.96,913.55,109.53,3.337,273.75,0.993,49.98,toaster
2024-10-27 18:22:24,87.36,93.54,33.43,0.34,275.42,0.934,49.97,fan
2024-10-27 18:22:24,1230.83,1237.93,132.42,4.528,273.41,0.994,49.97,heater
2024-10-27 18:22:24,908.18,914.8,109.82,3.341,273.8,0.993,49.97,toaster
2024-10-27 18:22:26,85.97,92.29,33.56,0.337,273.57,0.932,2958.1,fan
2024-10-27 18:22:26,1231.07,1237.24,123.42,4.524,273.47,0.995,2958.1,heater
2024-10-27 18:22:26,906.66,912.93,106.77,3.342,273.16,0.993,2958.1,toaster
2024-10-27 18:22:28,86.99,93.61,34.58,0.341,274.17,0.929,49.97,fan
2024-10-27 18:22:28,1233.33,1240.64,134.5,4.516,274.7,0.994,49.97,heater
2024-10-27 18:22:28,910.05,916.45,108.1,3.342,274.19,0.993,49.97,toaster
2024-10-27 18:22:30,70.77,95.32,63.85,0.346,275.45,0.742,49.98,fan
2024-10-27 18:22:30,1232.57,1238.84,124.48,4.515,274.39,0.995,49.98,heater
2024-10-27 18:22:30,908.92,915.24,107.4,3.342,273.89,0.993,49.98,toaster
2024-10-27 18:22:32,104.66,106.54,19.89,0.389,274.21,0.982,49.97,fan
2024-10-27 18:22:32,1228.55,1234.73,123.34,4.51,273.79,0.995,49.97,heater
2024-10-27 18:22:32,909.48,916.45,112.82,3.341,274.28,0.992,49.97,toaster
2024-10-27 18:22:34,104.55,106.53,20.44,0.388,274.6,0.981,49.99,fan
2024-10-27 18:22:34,1229.9,1236.79,130.32,4.509,274.28,0.994,49.99,heater
2024-10-27 18:22:34,907.45,914.77,115.5,3.341,273.84,0.992,49.99,toaster
2024-10-27 18:23:05,105.04,107.37,22.22,0.389,275.86,0.978,49.9,fan
2024-10-27 18:23:05,1237.52,1245.11,137.28,4.519,275.55,0.994,49.9,heater
2024-10-27 18:23:05,-0.9,14.66,14.64,0.053,276.73,0.062,49.9,No Appliance Detected
2024-10-27 18:23:05,104.77,106.99,21.69,0.389,275.17,0.979,49.98,fan
2024-10-27 18:23:05,1238.12,1244.5,125.84,4.515,275.65,0.995,49.98,heater
2024-10-27 18:23:05,-0.7,16.38,16.36,0.059,275.51,0.043,49.98,No Appliance Detected
2024-10-27 18:23:05,104.55,106.82,21.9,0.388,275.51,0.979,49.94,fan
2024-10-27 18:23:05,1235.8,1243.38,137.07,4.511,275.63,0.994,49.94,heater
2024-10-27 18:23:05,-0.62,14.28,14.27,0.052,274.21,0.043,49.94,No Appliance Detected
2024-10-27 18:23:05,104.86,107.04,21.51,0.388,275.94,0.98,50.01,fan
2024-10-27 18:23:05,1237.27,1243.67,125.94,4.505,276.09,0.995,50.01,heater
2024-10-27 18:23:05,-0.59,14.62,14.61,0.053,275.7,0.04,50.01,No Appliance Detected
2024-10-27 18:23:06,105.02,107.2,21.48,0.388,276.15,0.98,49.98,fan
2024-10-27 18:23:06,1229.43,1235.93,126.53,4.489,275.3,0.995,49.98,heater
2024-10-27 18:23:06,-1.05,15.35,15.31,0.056,275.16,0.069,49.98,No Appliance Detected
2024-10-27 18:23:06,105.23,107.42,21.55,0.389,275.83,0.98,49.87,fan
2024-10-27 18:23:06,1228.22,1235.22,131.36,4.487,275.29,0.994,49.87,heater
2024-10-27 18:23:06,-1.31,14.95,14.89,0.054,275.03,0.088,49.87,No Appliance Detected
2024-10-27 18:23:06,105.46,107.68,21.75,0.39,276.05,0.979,49.97,fan
2024-10-27 18:23:06,1224.19,1231.18,130.96,4.482,274.7,0.994,49.97,heater
2024-10-27 18:23:06,-0.73,14.46,14.44,0.052,275.77,0.051,49.97,No Appliance Detected
2024-10-27 18:23:06,105.21,107.35,21.32,0.39,275.45,0.98,49.97,fan
2024-10-27 18:23:06,1227.68,1233.85,123.26,4.479,275.45,0.995,49.97,heater
2024-10-27 18:23:06,-0.6,15.66,15.65,0.057,276.7,0.038,49.97,No Appliance Detected
2024-10-27 18:23:06,104.52,106.72,21.56,0.387,275.83,0.979,3381.17,fan
2024-10-27 18:23:06,1227.69,1234.59,130.36,4.475,275.88,0.994,3381.17,heater
2024-10-27 18:23:06,-1.03,15.86,15.83,0.058,275.56,0.065,3381.17,No Appliance Detected
2024-10-27 18:23:06,105.01,107.27,21.86,0.388,276.34,0.979,49.96,fan
2024-10-27 18:23:06,1223.66,1229.93,123.97,4.473,274.98,0.995,49.96,heater
2024-10-27 18:23:06,-0.62,14.82,14.81,0.054,275.3,0.042,49.96,No Appliance Detected
2024-10-27 18:23:06,104.71,106.8,21.01,0.387,276.0,0.98,50.65,fan
2024-10-27 18:23:06,1223.75,1230.71,130.71,4.467,275.52,0.994,50.65,heater
2024-10-27 18:23:06,-0.53,15.57,15.56,0.056,275.59,0.034,50.65,No Appliance Detected
2024-10-27 18:23:06,105.11,107.47,22.4,0.39,275.68,0.978,50.52,fan
2024-10-27 18:23:06,1223.94,1230.59,127.77,4.465,275.61,0.995,50.52,heater
2024-10-27 18:23:06,-1.32,15.71,15.65,0.057,276.62,0.084,50.52,No Appliance Detected
2024-10-27 18:23:06,105.31,107.42,21.17,0.39,275.14,0.98,49.97,fan
2024-10-27 18:23:06,1220.2,1226.91,128.21,4.458,275.21,0.995,49.97,heater
2024-10-27 18:23:06,-0.71,15.93,15.91,0.058,275.79,0.044,49.97,No Appliance Detected
2024-10-27 18:23:06,104.43,106.28,19.74,0.386,275.22,0.983,49.97,fan
2024-10-27 18:23:06,1219.93,1226.74,129.04,4.452,275.52,0.994,49.97,heater
2024-10-27 18:23:06,-0.48,15.58,15.57,0.056,275.73,0.031,49.97,No Appliance Detected
2024-10-27 18:23:07,105.25,107.44,21.58,0.389,276.06,0.98,49.98,fan
2024-10-27 18:23:07,1218.89,1226.53,136.63,4.447,275.84,0.994,49.98,heater
2024-10-27 18:23:07,-1.54,16.69,16.62,0.061,274.99,0.092,49.98,No Appliance Detected
2024-10-27 18:23:08,104.96,107.15,21.57,0.389,275.61,0.98,49.95,fan
2024-10-27 18:23:08,1215.77,1222.02,123.44,4.445,274.94,0.995,49.95,heater
2024-10-27 18:23:08,-1.28,14.72,14.66,0.054,274.99,0.087,49.95,No Appliance Detected
2024-10-27 18:23:10,104.78,106.96,21.5,0.387,276.06,0.98,49.98,fan
2024-10-27 18:23:10,1217.36,1223.35,120.89,4.439,275.57,0.995,49.98,heater
2024-10-27 18:23:10,-1.03,15.85,15.81,0.058,275.14,0.065,49.98,No Appliance Detected
2024-10-27 18:23:12,104.25,106.19,20.24,0.387,274.5,0.982,49.97,fan
2024-10-27 18:23:12,1204.92,1212.11,131.88,4.415,274.58,0.994,49.97,heater
2024-10-27 18:23:12,920.3,926.4,106.15,3.383,273.82,0.993,49.97,toaster
2024-10-27 18:23:14,103.61,105.89,21.86,0.388,272.94,0.978,49.95,fan
2024-10-27 18:23:14,1201.32,1207.98,126.67,4.41,273.9,0.994,49.95,heater
2024-10-27 18:23:14,911.77,918.61,111.9,3.356,273.71,0.993,49.95,toaster
2024-10-27 18:23:16,82.82,88.71,31.79,0.323,274.56,0.934,49.88,fan
2024-10-27 18:23:16,1205.36,1213.86,143.4,4.408,275.38,0.993,49.88,heater
2024-10-27 18:23:16,912.76,919.4,110.31,3.353,274.22,0.993,49.88,toaster
2024-10-27 18:23:19,86.1,92.33,33.35,0.337,274.3,0.932,49.94,fan
2024-10-27 18:23:19,1196.18,1202.11,119.34,4.402,273.06,0.995,49.94,heater
2024-10-27 18:23:19,910.74,917.62,112.17,3.352,273.78,0.993,49.94,toaster
2024-10-27 18:23:21,86.95,92.93,32.8,0.338,275.26,0.936,49.92,fan
2024-10-27 18:23:21,1201.69,1208.77,130.58,4.398,274.86,0.994,49.92,heater
2024-10-27 18:23:21,911.11,917.07,104.39,3.349,273.83,0.993,49.92,toaster
2024-10-27 18:23:23,87.56,93.9,33.94,0.341,275.1,0.932,49.92,fan
2024-10-27 18:23:23,1194.78,1201.38,125.79,4.397,273.21,0.995,49.92,heater
2024-10-27 18:23:23,909.58,915.98,108.07,3.344,273.88,0.993,49.92,toaster
2024-10-27 18:23:25,86.52,92.94,33.94,0.338,274.62,0.931,49.9,fan
2024-10-27 18:23:25,1198.97,1205.91,129.17,4.397,274.24,0.994,49.9,heater
2024-10-27 18:23:25,909.09,915.78,110.48,3.34,274.15,0.993,49.9,toaster
2024-10-27 18:23:27,77.25,85.68,37.05,0.312,274.57,0.902,49.9,fan
2024-10-27 18:23:27,1197.04,1203.38,123.37,4.392,273.99,0.995,49.9,heater
2024-10-27 18:23:27,909.37,915.77,108.05,3.343,273.92,0.993,49.9,toaster
2024-10-27 18:23:29,79.74,88.0,37.23,0.321,274.25,0.906,49.94,fan
2024-10-27 18:23:29,1195.18,1201.65,124.6,4.392,273.62,0.995,49.94,heater
2024-10-27 18:23:29,909.53,916.11,109.64,3.342,274.16,0.993,49.94,toaster
2024-10-27 18:23:31,81.03,88.72,36.13,0.323,274.33,0.913,49.89,fan
2024-10-27 18:23:31,1194.78,1201.31,125.11,4.388,273.8,0.995,49.89,heater
2024-10-27 18:23:31,908.87,915.82,112.67,3.34,274.2,0.992,49.89,toaster
2024-10-27 18:23:33,81.25,89.06,36.49,0.325,274.27,0.912,49.92,fan
2024-10-27 18:23:33,1196.43,1202.58,121.49,4.386,274.2,0.995,49.92,heater
2024-10-27 18:23:33,905.25,911.9,109.92,3.341,272.97,0.993,49.92,toaster
2024-10-27 18:23:35,81.16,89.27,37.17,0.326,273.99,0.909,49.94,fan
2024-10-27 18:23:35,1194.96,1200.48,115.06,4.385,273.77,0.995,49.94,heater
2024-10-27 18:23:35,909.65,916.36,110.74,3.34,274.36,0.993,49.94,toaster
2024-10-27 18:23:37,81.17,89.56,37.85,0.328,273.35,0.906,50.3,fan
2024-10-27 18:23:37,1201.38,1208.9,134.64,4.384,275.74,0.994,50.3,heater
2024-10-27 18:23:37,912.17,918.94,111.32,3.341,275.06,0.993,50.3,toaster
2024-10-27 18:23:40,81.26,89.6,37.75,0.327,274.23,0.907,49.93,fan
2024-10-27 18:23:40,1196.94,1204.48,134.52,4.384,274.75,0.994,49.93,heater
2024-10-27 18:23:40,908.26,914.48,106.53,3.336,274.1,0.993,49.93,toaster
2024-10-27 18:23:42,81.13,89.28,37.27,0.327,273.38,0.909,5754.11,fan
2024-10-27 18:23:42,1195.21,1201.97,127.36,4.383,274.23,0.994,5754.11,heater
2024-10-27 18:23:42,906.84,913.59,110.82,3.337,273.81,0.993,5754.11,toaster
2024-10-27 18:23:44,80.63,88.63,36.81,0.323,274.18,0.91,50.07,fan
2024-10-27 18:23:44,1194.59,1201.68,130.31,4.379,274.42,0.994,50.07,heater
2024-10-27 18:23:44,908.82,915.06,106.68,3.338,274.16,0.993,50.07,toaster
2024-10-27 18:23:46,80.57,88.94,37.67,0.325,273.47,0.906,49.6,fan
2024-10-27 18:23:46,1193.21,1199.54,123.04,4.38,273.88,0.995,49.6,heater
2024-10-27 18:23:46,907.18,913.97,111.23,3.337,273.93,0.993,49.6,toaster
2024-10-27 18:23:48,79.83,87.84,36.66,0.322,273.22,0.909,50.21,fan
2024-10-27 18:23:48,1196.02,1203.05,129.84,4.381,274.62,0.994,50.21,heater
2024-10-27 18:23:48,908.36,914.23,103.44,3.338,273.92,0.994,50.21,toaster
2024-10-27 18:23:50,81.99,89.82,36.66,0.327,274.86,0.913,49.96,fan
2024-10-27 18:23:50,1194.16,1200.88,126.81,4.382,274.07,0.994,49.96,heater
2024-10-27 18:23:50,909.06,915.52,108.52,3.339,274.23,0.993,49.96,toaster
2024-10-27 18:23:52,81.02,89.16,37.2,0.325,274.01,0.909,49.94,fan
2024-10-27 18:23:52,1194.26,1200.46,121.8,4.378,274.21,0.995,49.94,heater
2024-10-27 18:23:52,909.64,916.77,114.06,3.338,274.63,0.992,49.94,toaster
2024-10-27 18:23:54,81.18,89.13,36.79,0.325,274.47,0.911,49.92,fan
2024-10-27 18:23:54,1190.33,1196.22,118.5,4.377,273.27,0.995,49.92,heater
2024-10-27 18:23:54,906.17,912.38,106.28,3.336,273.48,0.993,49.92,toaster
2024-10-27 18:23:56,80.5,88.43,36.61,0.323,273.95,0.91,49.95,fan
2024-10-27 18:23:56,1190.19,1196.71,124.7,4.377,273.43,0.995,49.95,heater
2024-10-27 18:23:56,906.11,912.32,106.28,3.335,273.55,0.993,49.95,toaster
2024-10-27 18:23:58,81.41,89.54,37.28,0.325,275.54,0.909,50.01,fan
2024-10-27 18:23:58,1201.06,1206.92,118.8,4.397,274.46,0.995,50.01,heater
2024-10-27 18:23:58,-0.69,15.49,15.48,0.056,275.43,0.045,50.01,No Appliance Detected
2024-10-27 18:24:00,82.07,90.04,37.05,0.326,275.8,0.911,49.96,fan
2024-10-27 18:24:00,602.57,606.08,65.15,2.198,275.75,0.994,49.96,heater
2024-10-27 18:24:00,-0.88,16.89,16.87,0.061,275.47,0.052,49.96,No Appliance Detected
2024-10-27 18:24:03,81.63,89.86,37.58,0.326,275.49,0.908,49.94,fan
2024-10-27 18:24:03,601.25,604.76,65.05,2.199,274.99,0.994,49.94,heater
2024-10-27 18:24:03,-0.14,15.66,15.66,0.057,275.62,0.009,49.94,No Appliance Detected
2024-10-27 18:24:05,82.29,90.32,37.22,0.327,276.02,0.911,49.88,fan
2024-10-27 18:24:05,603.09,606.7,66.08,2.198,276.01,0.994,49.88,heater
2024-10-27 18:24:05,-0.73,14.96,14.94,0.054,276.3,0.049,49.88,No Appliance Detected
2024-10-27 18:24:35,81.62,89.7,37.19,0.326,275.24,0.91,49.9,fan
2024-10-27 18:24:35,603.55,606.89,63.63,2.201,275.78,0.994,49.9,heater
2024-10-27 18:24:35,-0.72,14.95,14.93,0.054,275.8,0.048,49.9,No Appliance Detected
2024-10-27 18:24:35,81.32,89.62,37.68,0.326,275.23,0.907,49.96,fan
2024-10-27 18:24:35,598.42,601.86,64.25,2.191,274.75,0.994,49.96,heater
2024-10-27 18:24:35,-0.35,16.61,16.6,0.06,277.06,0.021,49.96,No Appliance Detected
2024-10-27 18:24:35,81.15,89.04,36.65,0.323,275.72,0.911,49.9,fan
2024-10-27 18:24:35,597.79,601.49,66.59,2.188,274.93,0.994,49.9,heater
2024-10-27 18:24:35,915.35,921.54,106.68,3.356,274.55,0.993,49.9,toaster
2024-10-27 18:24:36,81.99,90.16,37.48,0.327,275.31,0.909,49.86,fan
2024-10-27 18:24:36,599.58,603.37,67.54,2.188,275.8,0.994,49.86,heater
2024-10-27 18:24:36,915.8,921.94,106.15,3.357,274.63,0.993,49.86,toaster
2024-10-27 18:24:36,80.02,88.33,37.4,0.322,274.01,0.906,49.88,fan
2024-10-27 18:24:36,598.73,602.3,65.48,2.187,275.46,0.994,49.88,heater
2024-10-27 18:24:36,913.93,920.02,105.66,3.352,274.45,0.993,49.88,toaster
2024-10-27 18:24:36,80.32,88.38,36.89,0.322,274.51,0.909,49.82,fan
2024-10-27 18:24:36,595.02,598.84,67.52,2.186,273.9,0.994,49.82,heater
2024-10-27 18:24:36,913.58,919.55,104.61,3.349,274.6,0.994,49.82,toaster
2024-10-27 18:24:36,81.19,89.49,37.62,0.325,275.14,0.907,49.89,fan
2024-10-27 18:24:36,597.54,600.71,61.57,2.186,274.74,0.995,49.89,heater
2024-10-27 18:24:36,908.92,915.58,110.26,3.351,273.26,0.993,49.89,toaster
2024-10-27 18:24:36,81.22,88.86,36.05,0.324,274.09,0.914,49.82,fan
2024-10-27 18:24:36,597.19,600.53,63.23,2.188,274.49,0.994,49.82,heater
2024-10-27 18:24:36,917.31,924.47,114.87,3.348,276.12,0.992,49.82,toaster
2024-10-27 18:24:36,81.14,89.47,37.7,0.327,273.95,0.907,49.72,fan
2024-10-27 18:24:36,597.09,600.67,65.42,2.186,274.78,0.994,49.72,heater
2024-10-27 18:24:36,912.37,918.87,109.05,3.349,274.36,0.993,49.72,toaster
2024-10-27 18:24:36,81.2,89.0,36.43,0.325,274.14,0.912,49.92,fan
2024-10-27 18:24:36,595.62,599.67,69.64,2.185,274.48,0.993,49.92,heater
2024-10-27 18:24:36,914.41,921.45,113.68,3.348,275.25,0.992,49.92,toaster
2024-10-27 18:24:36,81.72,89.74,37.08,0.327,274.68,0.911,49.57,fan
2024-10-27 18:24:36,596.77,600.67,68.36,2.186,274.8,0.994,49.57,heater
2024-10-27 18:24:36,909.65,917.34,118.51,3.345,274.21,0.992,49.57,toaster
2024-10-27 18:24:36,80.66,88.82,37.18,0.324,274.18,0.908,49.92,fan
2024-10-27 18:24:36,597.15,600.27,61.17,2.185,274.69,0.995,49.92,heater
2024-10-27 18:24:36,915.85,923.01,114.75,3.348,275.71,0.992,49.92,toaster
2024-10-27 18:24:36,81.03,89.04,36.93,0.325,273.89,0.91,49.95,fan
2024-10-27 18:24:36,597.82,601.41,65.68,2.186,275.15,0.994,49.95,heater
2024-10-27 18:24:36,911.9,918.9,113.25,3.35,274.33,0.992,49.95,toaster
2024-10-27 18:24:37,81.61,89.49,36.72,0.326,274.94,0.912,49.91,fan
2024-10-27 18:24:37,596.39,599.63,62.29,2.184,274.54,0.995,49.91,heater
2024-10-27 18:24:37,910.86,917.61,111.1,3.349,273.98,0.993,49.91,toaster
2024-10-27 18:24:37,81.47,89.63,37.37,0.327,274.2,0.909,50.41,fan
2024-10-27 18:24:37,597.17,601.15,69.06,2.183,275.36,0.993,50.41,heater
2024-10-27 18:24:37,912.45,919.74,115.54,3.348,274.73,0.992,50.41,toaster
2024-10-27 18:24:38,82.38,90.55,37.59,0.328,276.45,0.91,49.97,fan
2024-10-27 18:24:38,597.29,600.9,65.79,2.183,275.28,0.994,49.97,heater
2024-10-27 18:24:38,908.93,915.99,113.51,3.346,273.77,0.992,49.97,toaster
2024-10-27 18:24:40,81.01,89.08,37.04,0.325,274.05,0.909,49.85,fan
2024-10-27 18:24:40,596.61,599.92,62.98,2.182,274.92,0.994,49.85,heater
2024-10-27 18:24:40,914.61,921.4,111.61,3.347,275.3,0.993,49.85,toaster
2024-10-27 18:24:42,81.73,89.5,36.47,0.326,274.28,0.913,88.3,fan
2024-10-27 18:24:42,596.59,600.41,67.62,2.183,275.1,0.994,88.3,heater
2024-10-27 18:24:42,911.03,917.59,109.52,3.344,274.4,0.993,88.3,toaster
2024-10-27 18:24:45,0.1,15.35,15.35,0.056,275.34,0.007,49.92,No Appliance Detected
2024-10-27 18:24:45,596.04,599.18,61.33,2.184,274.37,0.995,49.92,heater
2024-10-27 18:24:45,916.11,922.53,108.63,3.348,275.52,0.993,49.92,toaster
2024-10-27 18:24:47,-0.25,14.85,14.85,0.054,275.02,0.017,49.93,No Appliance Detected
2024-10-27 18:24:47,596.71,600.45,66.87,2.185,274.85,0.994,49.93,heater
2024-10-27 18:24:47,912.37,919.14,111.29,3.345,274.77,0.993,49.93,toaster
2024-10-27 18:24:49,0.08,16.62,16.62,0.061,273.58,0.005,49.84,No Appliance Detected
2024-10-27 18:24:49,592.46,595.66,61.66,2.177,273.6,0.995,49.84,heater
2024-10-27 18:24:49,907.78,915.33,117.33,3.341,273.98,0.992,49.84,toaster
2024-10-27 18:24:51,-0.54,14.06,14.05,0.051,274.16,0.039,49.91,No Appliance Detected
2024-10-27 18:24:51,597.73,601.38,66.16,2.184,275.35,0.994,49.91,heater
2024-10-27 18:24:51,911.8,919.41,118.02,3.34,275.23,0.992,49.91,toaster
2024-10-27 18:24:53,-0.43,14.68,14.67,0.053,274.7,0.029,49.94,No Appliance Detected
2024-10-27 18:24:53,593.56,597.43,67.92,2.183,273.62,0.994,49.94,heater
2024-10-27 18:24:53,910.12,916.53,108.2,3.344,274.06,0.993,49.94,toaster
2024-10-27 18:24:55,91.66,99.47,38.65,0.362,274.81,0.921,49.91,fan
2024-10-27 18:24:55,597.32,601.29,68.99,2.186,275.11,0.993,49.91,heater
2024-10-27 18:24:55,911.93,919.01,113.84,3.346,274.66,0.992,49.91,toaster
2024-10-27 18:24:57,87.41,95.36,38.11,0.346,275.65,0.917,49.99,fan
2024-10-27 18:24:57,595.68,599.51,67.7,2.183,274.59,0.994,49.99,heater
2024-10-27 18:24:57,910.6,917.02,108.33,3.348,273.88,0.993,49.99,toaster
2024-10-27 18:24:59,83.42,91.21,36.89,0.333,273.95,0.915,50.02,fan
2024-10-27 18:24:59,598.49,602.02,65.13,2.184,275.62,0.994,50.02,heater
2024-10-27 18:24:59,913.11,918.93,103.27,3.346,274.65,0.994,50.02,toaster
2024-10-27 18:25:01,82.65,90.75,37.48,0.33,275.4,0.911,50.43,fan
2024-10-27 18:25:01,597.44,600.88,64.17,2.184,275.17,0.994,50.43,heater
2024-10-27 18:25:01,912.88,919.55,110.55,3.348,274.64,0.993,50.43,toaster
2024-10-27 18:25:03,80.39,88.66,37.38,0.323,274.71,0.907,50.0,fan
2024-10-27 18:25:03,595.47,599.64,70.54,2.182,274.81,0.993,50.0,heater
2024-10-27 18:25:03,911.17,917.53,107.83,3.345,274.28,0.993,50.0,toaster
2024-10-27 18:25:06,80.63,88.74,37.07,0.323,274.64,0.909,49.97,fan
2024-10-27 18:25:06,598.53,601.91,63.71,2.185,275.44,0.994,49.97,heater
2024-10-27 18:25:06,911.09,917.93,111.81,3.346,274.33,0.993,49.97,toaster
2024-10-27 18:25:08,81.12,88.94,36.47,0.324,274.54,0.912,49.7,fan
2024-10-27 18:25:08,595.56,599.17,65.67,2.184,274.39,0.994,49.7,heater
2024-10-27 18:25:08,913.71,919.99,107.25,3.347,274.88,0.993,49.7,toaster
2024-10-27 18:25:10,80.98,89.01,36.95,0.324,274.39,0.91,50.04,fan
2024-10-27 18:25:10,594.0,597.11,60.85,2.182,273.63,0.995,50.04,heater
2024-10-27 18:25:10,914.22,920.65,108.66,3.351,274.75,0.993,50.04,toaster
2024-10-27 18:25:12,80.96,89.26,37.58,0.326,274.02,0.907,50.01,fan
2024-10-27 18:25:12,594.23,597.83,65.52,2.187,273.35,0.994,50.01,heater
2024-10-27 18:25:12,915.33,921.08,102.77,3.347,275.18,0.994,50.01,toaster
2024-10-27 18:25:14,87.34,93.3,32.83,0.34,274.04,0.936,50.07,fan
2024-10-27 18:25:14,597.35,600.52,61.61,2.187,274.56,0.995,50.07,heater
2024-10-27 18:25:14,914.74,920.93,106.62,3.349,274.97,0.993,50.07,toaster
2024-10-27 18:25:16,87.38,93.67,33.74,0.341,274.83,0.933,50.02,fan
2024-10-27 18:25:16,596.17,600.26,70.03,2.184,274.87,0.993,50.02,heater
2024-10-27 18:25:16,913.38,920.1,111.02,3.349,274.71,0.993,50.02,toaster
2024-10-27 18:25:18,87.79,94.3,34.42,0.343,274.92,0.931,50.04,fan
2024-10-27 18:25:18,597.29,601.18,68.23,2.182,275.55,0.994,50.04,heater
2024-10-27 18:25:18,912.32,918.7,108.05,3.345,274.62,0.993,50.04,toaster
2024-10-27 18:25:20,87.51,93.69,33.47,0.34,275.5,0.934,50.05,fan
2024-10-27 18:25:20,0.72,16.0,15.98,0.058,276.19,0.045,50.05,No Appliance Detected
2024-10-27 18:25:20,921.29,928.82,118.06,3.362,276.23,0.992,50.05,toaster
2024-10-27 18:25:22,87.98,94.33,34.04,0.342,275.47,0.933,50.05,fan
2024-10-27 18:25:22,0.44,15.24,15.23,0.055,274.93,0.029,50.05,No Appliance Detected
2024-10-27 18:25:22,917.49,924.02,109.64,3.36,275.03,0.993,50.05,toaster
2024-10-27 18:25:25,87.69,94.07,34.05,0.341,275.89,0.932,3064.94,fan
2024-10-27 18:25:25,0.27,15.07,15.07,0.055,276.14,0.018,3064.94,No Appliance Detected
2024-10-27 18:25:25,920.27,927.25,113.56,3.365,275.54,0.992,3064.94,toaster
2024-10-27 18:25:27,88.84,94.83,33.18,0.343,276.22,0.937,50.03,fan
2024-10-27 18:25:27,0.28,15.6,15.6,0.057,275.23,0.018,50.03,No Appliance Detected
2024-10-27 18:25:27,922.07,928.66,110.43,3.364,276.07,0.993,50.03,toaster
2024-10-27 18:25:29,88.04,94.06,33.11,0.341,275.98,0.936,50.01,fan
2024-10-27 18:25:29,0.25,15.3,15.3,0.055,276.69,0.016,50.01,No Appliance Detected
2024-10-27 18:25:29,924.42,931.17,111.9,3.362,276.97,0.993,50.01,toaster
2024-10-27 18:25:31,87.31,93.48,33.42,0.34,275.03,0.934,50.0,fan
2024-10-27 18:25:31,598.38,601.64,62.49,2.194,274.21,0.995,50.0,heater
2024-10-27 18:25:31,918.22,925.58,116.46,3.35,276.27,0.992,50.0,toaster
2024-10-27 18:25:33,87.9,94.23,33.95,0.343,275.0,0.933,50.03,fan
2024-10-27 18:25:33,599.17,602.85,66.52,2.192,274.98,0.994,50.03,heater
2024-10-27 18:25:33,914.7,920.91,106.77,3.349,274.98,0.993,50.03,toaster
2024-10-27 18:25:35,87.33,93.69,33.93,0.342,274.03,0.932,50.04,fan
2024-10-27 18:25:35,597.07,600.43,63.44,2.19,274.18,0.994,50.04,heater
2024-10-27 18:25:35,913.63,920.81,114.71,3.35,274.83,0.992,50.04,toaster
2024-10-27 18:26:05,87.47,93.48,32.96,0.34,275.14,0.936,50.06,fan
2024-10-27 18:26:05,598.12,601.75,65.99,2.19,274.72,0.994,50.06,heater
2024-10-27 18:26:05,915.49,922.96,117.18,3.35,275.52,0.992,50.06,toaster
2024-10-27 18:26:05,87.33,93.72,34.01,0.34,275.24,0.932,50.03,fan
2024-10-27 18:26:05,597.86,601.35,64.71,2.189,274.73,0.994,50.03,heater
2024-10-27 18:26:05,910.75,917.64,112.28,3.349,273.97,0.992,50.03,toaster
2024-10-27 18:26:05,86.75,93.04,33.62,0.339,274.5,0.932,50.04,fan
2024-10-27 18:26:05,597.53,600.92,63.72,2.186,274.92,0.994,50.04,heater
2024-10-27 18:26:05,913.87,920.79,112.75,3.346,275.2,0.992,50.04,toaster
2024-10-27 18:26:06,87.46,93.93,34.25,0.341,275.78,0.931,50.03,fan
2024-10-27 18:26:06,592.75,596.81,69.56,2.181,273.61,0.993,50.03,heater
2024-10-27 18:26:06,908.9,915.58,110.47,3.339,274.2,0.993,50.03,toaster
2024-10-27 18:26:06,86.67,93.01,33.76,0.34,273.79,0.932,50.04,fan
2024-10-27 18:26:06,595.64,599.61,68.93,2.184,274.5,0.993,50.04,heater
2024-10-27 18:26:06,456.29,650.54,463.69,2.363,275.34,0.701,50.04,toaster
2024-10-27 18:26:06,87.35,93.46,33.22,0.339,275.74,0.935,49.96,fan
2024-10-27 18:26:06,600.74,604.39,66.34,2.193,275.56,0.994,49.96,heater
2024-10-27 18:26:06,-0.42,16.03,16.02,0.058,275.33,0.026,49.96,No Appliance Detected
2024-10-27 18:26:06,87.01,93.19,33.36,0.339,275.19,0.934,50.05,fan
2024-10-27 18:26:06,599.97,603.92,68.91,2.195,275.16,0.993,50.05,heater
2024-10-27 18:26:06,-0.49,14.54,14.53,0.053,276.52,0.033,50.05,No Appliance Detected
2024-10-27 18:26:06,87.35,93.66,33.78,0.339,275.98,0.933,49.78,fan
2024-10-27 18:26:06,601.26,605.33,70.1,2.196,275.68,0.993,49.78,heater
2024-10-27 18:26:06,-0.19,14.75,14.75,0.054,275.54,0.013,49.78,No Appliance Detected
2024-10-27 18:26:06,87.65,93.92,33.73,0.34,275.91,0.933,49.87,fan
2024-10-27 18:26:06,600.21,603.59,63.79,2.195,274.96,0.994,49.87,heater
2024-10-27 18:26:06,0.18,16.87,16.87,0.061,274.74,0.01,49.87,No Appliance Detected
2024-10-27 18:26:06,87.51,93.81,33.82,0.341,275.03,0.933,50.02,fan
2024-10-27 18:26:06,598.71,602.17,64.5,2.194,274.43,0.994,50.02,heater
2024-10-27 18:26:06,-0.41,15.14,15.14,0.055,276.28,0.027,50.02,No Appliance Detected
2024-10-27 18:26:06,87.72,93.59,32.61,0.341,274.48,0.937,50.26,fan
2024-10-27 18:26:06,599.03,602.85,67.79,2.19,275.34,0.994,50.26,heater
2024-10-27 18:26:06,-0.5,13.83,13.82,0.05,275.24,0.036,50.26,No Appliance Detected
2024-10-27 18:26:06,87.48,93.64,33.4,0.339,276.19,0.934,50.04,fan
2024-10-27 18:26:06,604.01,607.31,63.24,2.197,276.44,0.995,50.04,heater
2024-10-27 18:26:06,-0.16,14.94,14.94,0.054,275.52,0.011,50.04,No Appliance Detected
2024-10-27 18:26:06,88.3,94.54,33.77,0.342,276.62,0.934,49.58,fan
2024-10-27 18:26:06,605.65,609.91,71.96,2.199,277.35,0.993,49.58,heater
2024-10-27 18:26:06,-0.66,14.97,14.96,0.054,276.64,0.044,49.58,No Appliance Detected
2024-10-27 18:26:07,87.89,94.08,33.54,0.34,276.37,0.934,50.03,fan
2024-10-27 18:26:07,600.83,604.89,69.91,2.195,275.51,0.993,50.03,heater
2024-10-27 18:26:07,-0.48,14.3,14.29,0.052,275.5,0.033,50.03,No Appliance Detected
2024-10-27 18:26:07,88.07,94.18,33.38,0.341,276.33,0.935,99.88,fan
2024-10-27 18:26:07,605.03,608.96,69.08,2.199,276.97,0.994,99.88,heater
2024-10-27 18:26:07,-0.54,14.99,14.98,0.054,275.65,0.036,99.88,No Appliance Detected
2024-10-27 18:26:09,87.36,93.41,33.07,0.339,275.72,0.935,49.98,fan
2024-10-27 18:26:09,604.18,607.94,67.57,2.196,276.79,0.994,49.98,heater
2024-10-27 18:26:09,-0.16,16.41,16.41,0.059,276.25,0.009,49.98,No Appliance Detected
2024-10-27 18:26:11,114.45,116.51,21.82,0.422,276.36,0.982,50.01,fan
2024-10-27 18:26:11,604.11,607.63,65.36,2.196,276.69,0.994,50.01,heater
2024-10-27 18:26:11,-0.28,16.6,16.6,0.06,276.5,0.017,50.01,No Appliance Detected
2024-10-27 18:26:13,105.26,107.41,21.43,0.388,276.49,0.98,49.91,fan
2024-10-27 18:26:13,601.27,604.85,65.75,2.198,275.2,0.994,49.91,heater
2024-10-27 18:26:13,0.07,16.92,16.92,0.061,275.58,0.004,49.91,No Appliance Detected
2024-10-27 18:26:15,104.67,106.9,21.73,0.387,276.11,0.979,49.97,fan
2024-10-27 18:26:15,603.98,607.78,67.86,2.195,276.92,0.994,49.97,heater
2024-10-27 18:26:15,-0.09,15.58,15.58,0.056,276.36,0.006,49.97,No Appliance Detected
2024-10-27 18:26:17,105.2,107.3,21.12,0.389,275.99,0.98,49.99,fan
2024-10-27 18:26:17,602.34,606.27,68.96,2.195,276.2,0.994,49.99,heater
2024-10-27 18:26:17,-0.97,15.36,15.33,0.056,275.48,0.063,49.99,No Appliance Detected
2024-10-27 18:26:19,105.96,108.01,20.94,0.39,276.68,0.981,49.97,fan
2024-10-27 18:26:19,601.71,605.47,67.36,2.195,275.79,0.994,49.97,heater
2024-10-27 18:26:19,-0.19,16.75,16.75,0.061,275.16,0.011,49.97,No Appliance Detected
2024-10-27 18:26:21,104.41,106.73,22.12,0.388,275.32,0.978,49.96,fan
2024-10-27 18:26:21,601.59,605.34,67.28,2.191,276.33,0.994,49.96,heater
2024-10-27 18:26:21,885.03,916.44,237.9,3.333,274.98,0.966,49.96,toaster
2024-10-27 18:26:23,103.78,106.03,21.71,0.386,274.5,0.979,49.7,fan
2024-10-27 18:26:23,593.62,597.27,66.01,2.181,273.85,0.994,49.7,heater
2024-10-27 18:26:23,919.72,926.83,114.59,3.369,275.08,0.992,49.7,toaster
2024-10-27 18:26:26,104.25,106.3,20.78,0.388,274.02,0.981,49.95,fan
2024-10-27 18:26:26,596.45,600.62,70.71,2.181,275.33,0.993,49.95,heater
2024-10-27 18:26:26,912.28,919.34,113.71,3.354,274.08,0.992,49.95,toaster
2024-10-27 18:26:28,103.22,105.35,21.08,0.384,274.44,0.98,2609.73,fan
2024-10-27 18:26:28,593.58,597.16,65.3,2.18,273.95,0.994,2609.73,heater
2024-10-27 18:26:28,911.11,917.88,111.27,3.352,273.8,0.993,2609.73,toaster
2024-10-27 18:26:30,105.06,106.95,20.05,0.39,274.34,0.982,49.94,fan
2024-10-27 18:26:30,596.08,599.5,63.9,2.181,274.92,0.994,49.94,heater
2024-10-27 18:26:30,909.72,916.17,108.6,3.35,273.46,0.993,49.94,toaster
2024-10-27 18:26:32,104.09,106.06,20.39,0.386,274.46,0.981,49.93,fan
2024-10-27 18:26:32,597.92,601.32,63.88,2.179,275.94,0.994,49.93,heater
2024-10-27 18:26:32,909.7,917.31,117.93,3.352,273.68,0.992,49.93,toaster
2024-10-27 18:26:34,103.8,105.85,20.72,0.386,273.9,0.981,50.07,fan
2024-10-27 18:26:34,594.85,599.18,71.9,2.179,274.92,0.993,50.07,heater
2024-10-27 18:26:34,911.95,919.22,115.44,3.346,274.69,0.992,50.07,toaster
2024-10-27 18:26:36,103.42,105.32,19.96,0.384,274.04,0.982,50.07,fan
2024-10-27 18:26:36,594.33,598.4,69.68,2.18,274.55,0.993,50.07,heater
2024-10-27 18:26:36,907.56,914.01,108.45,3.344,273.35,0.993,50.07,toaster
2024-10-27 18:26:38,104.23,106.66,22.63,0.388,274.95,0.977,49.93,fan
2024-10-27 18:26:38,594.41,598.15,66.84,2.18,274.43,0.994,49.93,heater
2024-10-27 18:26:38,912.42,919.51,113.94,3.345,274.85,0.992,49.93,toaster
2024-10-27 18:26:40,104.43,106.67,21.73,0.389,273.94,0.979,50.41,fan
2024-10-27 18:26:40,594.16,597.84,66.21,2.182,273.94,0.994,50.41,heater
2024-10-27 18:26:40,912.66,919.15,109.01,3.348,274.57,0.993,50.41,toaster
2024-10-27 18:26:42,104.35,106.58,21.66,0.387,275.56,0.979,49.91,fan
2024-10-27 18:26:42,1211.74,1218.88,131.71,4.445,274.2,0.994,49.91,heater
2024-10-27 18:26:42,908.36,915.55,114.5,3.338,274.3,0.992,49.91,toaster
2024-10-27 18:26:44,103.59,105.57,20.38,0.384,274.81,0.981,49.92,fan
2024-10-27 18:26:44,1201.69,1208.8,130.89,4.421,273.43,0.994,49.92,heater
2024-10-27 18:26:44,903.44,909.87,107.96,3.334,272.94,0.993,49.92,toaster
2024-10-27 18:26:47,85.04,91.09,32.62,0.331,274.96,0.934,49.95,fan
2024-10-27 18:26:47,1192.5,1206.92,185.95,4.413,273.5,0.988,49.95,heater
2024-10-27 18:26:47,908.79,916.29,117.02,3.333,274.92,0.992,49.95,toaster
2024-10-27 18:26:49,86.46,92.38,32.53,0.338,273.68,0.936,49.92,fan
2024-10-27 18:26:49,1206.58,1213.91,133.22,4.413,275.06,0.994,49.92,heater
2024-10-27 18:26:49,904.77,911.37,109.46,3.334,273.39,0.993,49.92,toaster
2024-10-27 18:26:51,86.79,93.17,33.88,0.34,274.08,0.932,49.95,fan
2024-10-27 18:26:51,1198.14,1204.69,125.48,4.412,273.03,0.995,49.95,heater
2024-10-27 18:26:51,903.77,911.52,118.56,3.335,273.32,0.992,49.95,toaster
2024-10-27 18:26:53,86.09,92.06,32.61,0.336,273.66,0.935,49.98,fan
2024-10-27 18:26:53,1201.58,1207.85,122.88,4.41,273.91,0.995,49.98,heater
2024-10-27 18:26:53,906.63,913.93,115.28,3.331,274.35,0.992,49.98,toaster
2024-10-27 18:26:55,86.28,92.45,33.2,0.337,273.95,0.933,50.78,fan
2024-10-27 18:26:55,1200.75,1208.18,133.74,4.4,274.59,0.994,50.78,heater
2024-10-27 18:26:55,903.06,909.99,112.1,3.329,273.35,0.992,50.78,toaster
2024-10-27 18:26:57,87.06,93.19,33.24,0.339,274.58,0.934,4934.63,fan
2024-10-27 18:26:57,1203.49,1209.93,124.74,4.4,275.01,0.995,4934.63,heater
2024-10-27 18:26:57,903.56,910.4,111.42,3.335,272.98,0.992,4934.63,toaster
2024-10-27 18:26:59,86.66,92.96,33.65,0.34,273.31,0.932,88.16,fan
2024-10-27 18:26:59,1197.02,1205.03,138.68,4.391,274.43,0.993,88.16,heater
2024-10-27 18:26:59,900.65,907.05,107.53,3.329,272.43,0.993,88.16,toaster
2024-10-27 18:27:01,86.49,92.73,33.43,0.339,273.69,0.933,49.86,fan
2024-10-27 18:27:01,1193.45,1200.21,127.28,4.387,273.6,0.994,49.86,heater
2024-10-27 18:27:01,902.45,909.34,111.73,3.328,273.27,0.992,49.86,toaster
2024-10-27 18:27:03,86.17,92.34,33.2,0.337,274.2,0.933,49.92,fan
2024-10-27 18:27:03,1196.5,1203.77,132.08,4.385,274.52,0.994,49.92,heater
2024-10-27 18:27:03,904.08,911.18,113.52,3.326,273.95,0.992,49.92,toaster
2024-10-27 18:27:35,87.36,93.25,32.62,0.339,274.72,0.937,49.89,fan
2024-10-27 18:27:35,1195.19,1203.71,142.95,4.386,274.43,0.993,49.89,heater
2024-10-27 18:27:35,904.33,911.59,114.79,3.334,273.46,0.992,49.89,toaster
2024-10-27 18:27:35,86.61,92.5,32.48,0.337,274.1,0.936,49.88,fan
2024-10-27 18:27:35,1188.78,1195.42,125.87,4.386,272.58,0.994,49.88,heater
2024-10-27 18:27:35,909.24,916.34,113.83,3.33,275.19,0.992,49.88,toaster
2024-10-27 18:27:36,86.44,92.86,33.94,0.338,274.4,0.931,49.86,fan
2024-10-27 18:27:36,1194.13,1201.19,130.06,4.38,274.22,0.994,49.86,heater
2024-10-27 18:27:36,901.75,908.06,106.88,3.323,273.31,0.993,49.86,toaster
2024-10-27 18:27:36,86.1,92.38,33.47,0.338,273.21,0.932,49.86,fan
2024-10-27 18:27:36,1187.49,1194.17,126.15,4.372,273.12,0.994,49.86,heater
2024-10-27 18:27:36,902.05,908.95,111.81,3.324,273.42,0.992,49.86,toaster
2024-10-27 18:27:36,86.42,92.38,32.65,0.338,273.49,0.935,49.86,fan
2024-10-27 18:27:36,1193.37,1199.48,120.91,4.377,274.04,0.995,49.86,heater
2024-10-27 18:27:36,906.41,914.07,118.09,3.329,274.61,0.992,49.86,toaster
2024-10-27 18:27:36,85.45,91.9,33.81,0.336,273.5,0.93,49.89,fan
2024-10-27 18:27:36,1187.33,1194.62,131.76,4.375,273.06,0.994,49.89,heater
2024-10-27 18:27:36,901.77,908.5,110.4,3.328,273.0,0.993,49.89,toaster
2024-10-27 18:27:36,86.78,92.77,32.8,0.339,273.66,0.935,49.86,fan
2024-10-27 18:27:36,1190.79,1197.39,125.6,4.374,273.72,0.994,49.86,heater
2024-10-27 18:27:36,899.76,906.21,107.93,3.326,272.47,0.993,49.86,toaster
2024-10-27 18:27:36,86.04,92.14,32.97,0.337,273.76,0.934,49.85,fan
2024-10-27 18:27:36,1186.75,1192.73,119.29,4.365,273.26,0.995,49.85,heater
2024-10-27 18:27:36,903.06,909.75,110.15,3.323,273.8,0.993,49.85,toaster
2024-10-27 18:27:36,86.01,92.09,32.91,0.337,273.07,0.934,49.87,fan
2024-10-27 18:27:36,1183.98,1190.32,122.72,4.367,272.6,0.995,49.87,heater
2024-10-27 18:27:36,901.38,908.49,113.48,3.323,273.4,0.992,49.87,toaster
2024-10-27 18:27:36,86.34,92.65,33.6,0.338,273.97,0.932,49.87,fan
2024-10-27 18:27:36,1188.03,1194.91,128.04,4.367,273.63,0.994,49.87,heater
2024-10-27 18:27:36,904.76,910.89,105.5,3.327,273.82,0.993,49.87,toaster
2024-10-27 18:27:36,86.3,92.43,33.1,0.338,273.23,0.934,49.85,fan
2024-10-27 18:27:36,1192.12,1199.56,133.4,4.368,274.61,0.994,49.85,heater
2024-10-27 18:27:36,904.27,911.45,114.23,3.329,273.82,0.992,49.85,toaster
2024-10-27 18:27:36,85.82,91.89,32.84,0.336,273.48,0.934,98.33,fan
2024-10-27 18:27:36,1188.14,1195.17,129.4,4.368,273.6,0.994,98.33,heater
2024-10-27 18:27:36,902.52,908.97,108.06,3.327,273.25,0.993,98.33,toaster
2024-10-27 18:27:37,85.83,91.85,32.7,0.334,274.62,0.934,49.88,fan
2024-10-27 18:27:37,1182.61,1189.32,126.21,4.359,272.86,0.994,49.88,heater
2024-10-27 18:27:37,904.42,911.5,113.34,3.328,273.91,0.992,49.88,toaster
2024-10-27 18:27:37,84.72,91.2,33.77,0.333,273.56,0.929,49.86,fan
2024-10-27 18:27:37,1186.46,1193.41,128.55,4.36,273.74,0.994,49.86,heater
2024-10-27 18:27:37,901.42,908.89,116.32,3.323,273.55,0.992,49.86,toaster
2024-10-27 18:27:37,86.31,92.48,33.2,0.338,273.91,0.933,49.82,fan
2024-10-27 18:27:37,1185.72,1193.46,135.7,4.36,273.76,0.994,49.82,heater
2024-10-27 18:27:37,898.87,905.51,109.4,3.321,272.68,0.993,49.82,toaster
2024-10-27 18:27:37,85.37,91.65,33.34,0.335,273.32,0.932,50.46,fan
2024-10-27 18:27:37,1187.08,1193.86,127.05,4.358,273.95,0.994,50.46,heater
2024-10-27 18:27:37,902.48,909.59,113.49,3.322,273.82,0.992,50.46,toaster
2024-10-27 18:27:39,79.14,86.7,35.4,0.317,273.65,0.913,49.86,fan
2024-10-27 18:27:39,1184.47,1191.34,127.75,4.357,273.44,0.994,49.86,heater
2024-10-27 18:27:39,903.79,910.44,109.89,3.321,274.11,0.993,49.86,toaster
2024-10-27 18:27:41,80.14,87.77,35.81,0.321,273.37,0.913,49.88,fan
2024-10-27 18:27:41,1189.31,1195.47,121.26,4.357,274.39,0.995,49.88,heater
2024-10-27 18:27:41,901.75,908.78,112.84,3.325,273.34,0.992,49.88,toaster
2024-10-27 18:27:43,80.31,88.14,36.33,0.322,273.69,0.911,50.48,fan
2024-10-27 18:27:43,1183.17,1188.86,116.22,4.362,272.58,0.995,50.48,heater
2024-10-27 18:27:43,906.41,913.92,116.88,3.328,274.6,0.992,50.48,toaster
2024-10-27 18:27:45,81.52,89.18,36.18,0.325,274.45,0.914,49.81,fan
2024-10-27 18:27:45,1188.76,1196.01,131.47,4.364,274.08,0.994,49.81,heater
2024-10-27 18:27:45,904.37,911.74,115.69,3.327,274.04,0.992,49.81,toaster
2024-10-27 18:27:47,81.51,89.66,37.34,0.327,274.54,0.909,49.83,fan
2024-10-27 18:27:47,-0.16,14.43,14.43,0.053,274.78,0.011,49.83,No Appliance Detected
2024-10-27 18:27:47,903.74,910.28,108.94,3.329,273.41,0.993,49.83,toaster
2024-10-27 18:27:50,81.69,89.87,37.44,0.326,275.67,0.909,49.81,fan
2024-10-27 18:27:50,-0.01,15.04,15.04,0.054,276.18,0.0,49.81,No Appliance Detected
2024-10-27 18:27:50,915.33,922.34,113.55,3.355,274.95,0.992,49.81,toaster
2024-10-27 18:27:52,81.34,89.49,37.32,0.326,274.3,0.909,49.92,fan
2024-10-27 18:27:52,595.69,599.11,63.95,2.189,273.74,0.994,49.92,heater
2024-10-27 18:27:52,637.89,767.19,426.23,2.796,274.41,0.831,49.92,toaster
2024-10-27 18:27:54,82.59,90.61,37.26,0.328,276.15,0.912,49.87,fan
2024-10-27 18:27:54,598.42,602.78,72.4,2.19,275.21,0.993,49.87,heater
2024-10-27 18:27:54,-0.13,14.9,14.9,0.054,275.68,0.009,49.87,No Appliance Detected
2024-10-27 18:27:56,81.5,89.47,36.9,0.325,275.04,0.911,49.65,fan
2024-10-27 18:27:56,597.24,601.43,70.81,2.186,275.1,0.993,49.65,heater
2024-10-27 18:27:56,-0.29,15.05,15.04,0.055,274.7,0.019,49.65,No Appliance Detected
2024-10-27 18:27:58,81.94,90.01,37.26,0.326,276.24,0.91,49.85,fan
2024-10-27 18:27:58,598.64,603.1,73.17,2.189,275.55,0.993,49.85,heater
2024-10-27 18:27:58,-0.2,15.63,15.63,0.057,275.43,0.013,49.85,No Appliance Detected
2024-10-27 18:28:00,82.11,89.9,36.61,0.325,276.86,0.913,49.79,fan
2024-10-27 18:28:00,599.33,603.38,69.75,2.19,275.54,0.993,49.79,heater
2024-10-27 18:28:00,-0.8,15.07,15.05,0.055,275.66,0.053,49.79,No Appliance Detected
2024-10-27 18:28:02,81.37,89.42,37.09,0.325,274.95,0.91,49.95,fan
2024-10-27 18:28:02,597.67,601.63,68.89,2.19,274.76,0.993,49.95,heater
2024-10-27 18:28:02,0.11,13.65,13.65,0.05,275.12,0.008,49.95,No Appliance Detected
2024-10-27 18:28:04,81.86,89.97,37.33,0.327,275.05,0.91,49.86,fan
2024-10-27 18:28:04,598.35,602.37,69.48,2.187,275.44,0.993,49.86,heater
2024-10-27 18:28:04,-0.33,14.96,14.96,0.054,275.7,0.022,49.86,No Appliance Detected
2024-10-27 18:28:06,81.71,89.73,37.07,0.326,274.88,0.911,50.23,fan
2024-10-27 18:28:06,592.92,596.91,68.85,2.179,273.89,0.993,50.23,heater
2024-10-27 18:28:06,914.73,921.9,114.69,3.36,274.34,0.992,50.23,toaster
2024-10-27 18:28:08,81.66,89.52,36.7,0.325,275.37,0.912,49.79,fan
2024-10-27 18:28:08,593.21,597.36,70.29,2.178,274.28,0.993,49.79,heater
2024-10-27 18:28:08,910.26,916.93,110.35,3.348,273.9,0.993,49.79,toaster
2024-10-27 18:28:11,81.17,89.2,37.0,0.327,273.09,0.91,49.82,fan
2024-10-27 18:28:11,595.51,598.86,63.27,2.181,274.56,0.994,49.82,heater
2024-10-27 18:28:11,912.21,919.22,113.24,3.345,274.77,0.992,49.82,toaster
2024-10-27 18:28:13,80.77,88.69,36.63,0.323,274.3,0.911,49.72,fan
2024-10-27 18:28:13,590.82,594.29,64.13,2.176,273.11,0.994,49.72,heater
2024-10-27 18:28:13,908.88,916.1,114.78,3.34,274.26,0.992,49.72,toaster
2024-10-27 18:28:15,81.24,89.28,37.04,0.325,274.72,0.91,50.36,fan
2024-10-27 18:28:15,593.54,597.31,66.98,2.179,274.18,0.994,50.36,heater
2024-10-27 18:28:15,906.82,913.86,113.22,3.338,273.79,0.992,50.36,toaster
2024-10-27 18:28:17,81.63,89.58,36.9,0.326,274.93,0.911,49.89,fan
2024-10-27 18:28:17,594.09,597.72,65.78,2.18,274.13,0.994,49.89,heater
2024-10-27 18:28:17,908.26,914.83,109.41,3.336,274.26,0.993,49.89,toaster
2024-10-27 18:28:19,81.37,89.29,36.78,0.326,273.82,0.911,49.87,fan
2024-10-27 18:28:19,591.68,595.34,65.93,2.176,273.62,0.994,49.87,heater
2024-10-27 18:28:19,907.33,914.12,111.2,3.338,273.86,0.993,49.87,toaster
2024-10-27 18:28:21,80.58,89.0,37.8,0.325,273.89,0.905,2405.26,fan
2024-10-27 18:28:21,594.65,598.02,63.4,2.178,274.51,0.994,2405.26,heater
2024-10-27 18:28:21,909.26,916.46,114.7,3.342,274.26,0.992,2405.26,toaster
2024-10-27 18:28:23,80.85,89.15,37.57,0.324,274.79,0.907,49.88,fan
2024-10-27 18:28:23,593.61,597.14,64.85,2.179,274.01,0.994,49.88,heater
2024-10-27 18:28:23,910.38,917.24,111.98,3.338,274.79,0.993,49.88,toaster
2024-10-27 18:28:25,81.61,89.32,36.3,0.326,274.23,0.914,4196.55,fan
2024-10-27 18:28:25,591.5,595.14,65.68,2.176,273.51,0.994,4196.55,heater
2024-10-27 18:28:25,904.75,911.29,108.99,3.331,273.57,0.993,4196.55,toaster
2024-10-27 18:28:27,81.98,89.84,36.76,0.327,275.08,0.912,88.21,fan
2024-10-27 18:28:27,590.33,594.28,68.36,2.175,273.18,0.993,88.21,heater
2024-10-27 18:28:27,904.3,910.89,109.33,3.335,273.14,0.993,88.21,toaster
2024-10-27 18:28:29,81.85,90.06,37.56,0.327,275.78,0.909,49.86,fan
2024-10-27 18:28:29,593.85,597.31,64.21,2.181,273.91,0.994,49.86,heater
2024-10-27 18:28:29,909.67,917.27,117.87,3.34,274.61,0.992,49.86,toaster
2024-10-27 18:28:32,81.4,89.27,36.65,0.325,274.78,0.912,49.84,fan
2024-10-27 18:28:32,592.15,596.52,72.02,2.176,274.15,0.993,49.84,heater
2024-10-27 18:28:32,905.23,911.5,106.77,3.338,273.08,0.993,49.84,toaster
2024-10-27 18:28:34,81.89,90.05,37.46,0.328,274.44,0.909,49.89,fan
2024-10-27 18:28:34,593.16,596.89,66.6,2.179,273.97,0.994,49.89,heater
2024-10-27 18:28:34,903.07,910.08,112.76,3.335,272.93,0.992,49.89,toaster
